Class,milestone,date
infraestructura-virtual/IV-17-18, hito-1, Mon Sep 18 18:38:39 2017 +0200
infraestructura-virtual/IV-17-18, hito-1, Fri Sep 22 10:56:08 2017 +0200
infraestructura-virtual/IV-17-18, hito-1, Mon Sep 25 07:44:47 2017 +0200
infraestructura-virtual/IV-17-18, hito-1, Mon Sep 25 08:12:29 2017 +0200
infraestructura-virtual/IV-17-18, hito-1, Mon Sep 25 13:39:27 2017 +0200
infraestructura-virtual/IV-17-18, hito-1, Mon Sep 25 14:28:54 2017 +0200
infraestructura-virtual/IV-17-18, hito-1, Mon Sep 25 18:01:32 2017 +0200
infraestructura-virtual/IV-17-18, hito-1, Mon Sep 25 18:29:15 2017 +0200
infraestructura-virtual/IV-17-18, hito-1, Mon Sep 25 18:38:03 2017 +0200
infraestructura-virtual/IV-17-18, hito-1, Mon Sep 25 19:42:51 2017 +0200
infraestructura-virtual/IV-17-18, hito-1, Mon Sep 25 20:22:09 2017 +0200
infraestructura-virtual/IV-17-18, hito-1, Mon Sep 25 20:22:37 2017 +0200
infraestructura-virtual/IV-17-18, hito-1, Tue Sep 26 10:03:04 2017 +0200
infraestructura-virtual/IV-17-18, hito-1, Tue Sep 26 10:45:12 2017 +0200
infraestructura-virtual/IV-17-18, hito-1, Tue Sep 26 12:09:43 2017 +0200
infraestructura-virtual/IV-17-18, hito-1, Tue Sep 26 12:26:17 2017 +0200
infraestructura-virtual/IV-17-18, hito-1, Tue Sep 26 20:20:35 2017 +0200
infraestructura-virtual/IV-17-18, hito-1, Wed Sep 27 10:38:15 2017 +0200
infraestructura-virtual/IV-17-18, hito-1, Wed Sep 27 11:02:58 2017 +0200
infraestructura-virtual/IV-17-18, hito-1, Wed Sep 27 11:03:33 2017 +0200
infraestructura-virtual/IV-17-18, hito-1, Wed Sep 27 11:05:37 2017 +0200
infraestructura-virtual/IV-17-18, hito-1, Wed Sep 27 11:20:27 2017 +0200
infraestructura-virtual/IV-17-18, hito-1, Wed Sep 27 11:25:16 2017 +0200
infraestructura-virtual/IV-17-18, hito-1, Wed Sep 27 12:35:23 2017 +0200
infraestructura-virtual/IV-17-18, hito-1, Wed Sep 27 12:35:43 2017 +0200
infraestructura-virtual/IV-17-18, hito-1, Wed Sep 27 09:47:11 2017 -0400
infraestructura-virtual/IV-17-18, hito-1, Wed Sep 27 17:38:36 2017 +0200
infraestructura-virtual/IV-17-18, hito-1, Wed Sep 27 18:38:38 2017 +0200
infraestructura-virtual/IV-17-18, hito-1, Wed Sep 27 19:05:08 2017 +0200
infraestructura-virtual/IV-17-18, hito-1, Wed Sep 27 19:13:26 2017 +0200
infraestructura-virtual/IV-17-18, hito-1, Wed Sep 27 19:55:21 2017 +0200
infraestructura-virtual/IV-17-18, hito-1, Wed Sep 27 20:02:43 2017 +0200
infraestructura-virtual/IV-17-18, hito-1, Wed Sep 27 22:32:02 2017 +0200
infraestructura-virtual/IV-17-18, hito-1, Wed Sep 27 22:40:25 2017 +0200
infraestructura-virtual/IV-17-18, hito-1, Wed Sep 27 22:42:08 2017 +0200
infraestructura-virtual/IV-17-18, hito-1, Wed Sep 27 22:42:58 2017 +0200
infraestructura-virtual/IV-17-18, hito-1, Wed Sep 27 22:44:23 2017 +0200
infraestructura-virtual/IV-17-18, hito-1, Wed Sep 27 22:45:48 2017 +0200
infraestructura-virtual/IV-17-18, hito-1, Wed Sep 27 22:53:10 2017 +0200
infraestructura-virtual/IV-17-18, hito-1, Wed Sep 27 22:57:20 2017 +0200
infraestructura-virtual/IV-17-18, hito-1, Thu Sep 28 04:04:20 2017 +0200
infraestructura-virtual/IV-17-18, hito-1, Thu Sep 28 09:26:29 2017 +0200
infraestructura-virtual/IV-17-18, hito-1, Thu Sep 28 09:29:35 2017 +0200
infraestructura-virtual/IV-17-18, hito-1, Thu Sep 28 09:33:04 2017 +0200
infraestructura-virtual/IV-17-18, hito-1, Thu Sep 28 09:34:55 2017 +0200
infraestructura-virtual/IV-17-18, hito-1, Thu Sep 28 09:35:43 2017 +0200
infraestructura-virtual/IV-17-18, hito-1, Thu Sep 28 09:41:28 2017 +0200
infraestructura-virtual/IV-17-18, hito-1, Thu Sep 28 09:45:25 2017 +0200
infraestructura-virtual/IV-17-18, hito-1, Thu Sep 28 09:47:25 2017 +0200
infraestructura-virtual/IV-17-18, hito-1, Thu Sep 28 09:48:00 2017 +0200
infraestructura-virtual/IV-17-18, hito-1, Thu Sep 28 09:52:00 2017 +0200
infraestructura-virtual/IV-17-18, hito-1, Thu Sep 28 09:52:00 2017 +0200
infraestructura-virtual/IV-17-18, hito-1, Thu Sep 28 09:56:10 2017 +0200
infraestructura-virtual/IV-17-18, hito-1, Thu Sep 28 09:59:21 2017 +0200
infraestructura-virtual/IV-17-18, hito-1, Thu Sep 28 10:01:17 2017 +0200
infraestructura-virtual/IV-17-18, hito-1, Thu Sep 28 10:01:27 2017 +0200
infraestructura-virtual/IV-17-18, hito-1, Thu Sep 28 10:02:24 2017 +0200
infraestructura-virtual/IV-17-18, hito-1, Thu Sep 28 10:02:48 2017 +0200
infraestructura-virtual/IV-17-18, hito-1, Thu Sep 28 10:08:05 2017 +0200
infraestructura-virtual/IV-17-18, hito-1, Thu Sep 28 10:08:48 2017 +0200
infraestructura-virtual/IV-17-18, hito-1, Thu Sep 28 10:09:52 2017 +0200
infraestructura-virtual/IV-17-18, hito-1, Thu Sep 28 10:12:16 2017 +0200
infraestructura-virtual/IV-17-18, hito-1, Thu Sep 28 10:12:20 2017 +0200
infraestructura-virtual/IV-17-18, hito-1, Thu Sep 28 10:13:10 2017 +0200
infraestructura-virtual/IV-17-18, hito-1, Thu Sep 28 10:13:15 2017 +0200
infraestructura-virtual/IV-17-18, hito-1, Thu Sep 28 10:13:40 2017 +0200
infraestructura-virtual/IV-17-18, hito-1, Thu Sep 28 10:17:59 2017 +0200
infraestructura-virtual/IV-17-18, hito-1, Thu Sep 28 10:19:36 2017 +0200
infraestructura-virtual/IV-17-18, hito-1, Thu Sep 28 10:23:56 2017 +0200
infraestructura-virtual/IV-17-18, hito-1, Thu Sep 28 10:25:25 2017 +0200
infraestructura-virtual/IV-17-18, hito-1, Thu Sep 28 10:26:58 2017 +0200
infraestructura-virtual/IV-17-18, hito-1, Thu Sep 28 10:33:01 2017 +0200
infraestructura-virtual/IV-17-18, hito-1, Thu Sep 28 10:46:20 2017 +0200
infraestructura-virtual/IV-17-18, hito-1, Thu Sep 28 10:47:27 2017 +0200
infraestructura-virtual/IV-17-18, hito-1, Thu Sep 28 10:49:45 2017 +0200
infraestructura-virtual/IV-17-18, hito-1, Thu Sep 28 10:54:25 2017 +0200
infraestructura-virtual/IV-17-18, hito-1, Thu Sep 28 10:56:27 2017 +0200
infraestructura-virtual/IV-17-18, hito-1, Thu Sep 28 11:00:51 2017 +0200
infraestructura-virtual/IV-17-18, hito-1, Thu Sep 28 11:01:02 2017 +0200
infraestructura-virtual/IV-17-18, hito-1, Thu Sep 28 11:06:59 2017 +0200
infraestructura-virtual/IV-17-18, hito-1, Thu Sep 28 11:16:56 2017 +0200
infraestructura-virtual/IV-17-18, hito-1, Thu Sep 28 11:17:31 2017 +0200
infraestructura-virtual/IV-17-18, hito-1, Thu Sep 28 05:26:06 2017 -0400
infraestructura-virtual/IV-17-18, hito-1, Thu Sep 28 05:28:00 2017 -0400
infraestructura-virtual/IV-17-18, hito-1, Thu Sep 28 11:43:22 2017 +0200
infraestructura-virtual/IV-17-18, hito-1, Thu Sep 28 12:05:43 2017 +0200
infraestructura-virtual/IV-17-18, hito-1, Thu Sep 28 12:14:41 2017 +0200
infraestructura-virtual/IV-17-18, hito-1, Thu Sep 28 12:15:09 2017 +0200
infraestructura-virtual/IV-17-18, hito-1, Thu Sep 28 12:16:27 2017 +0200
infraestructura-virtual/IV-17-18, hito-1, Thu Sep 28 12:26:37 2017 +0200
infraestructura-virtual/IV-17-18, hito-1, Thu Sep 28 12:27:51 2017 +0200
infraestructura-virtual/IV-17-18, hito-1, Thu Sep 28 12:31:17 2017 +0200
infraestructura-virtual/IV-17-18, hito-1, Thu Sep 28 12:35:43 2017 +0200
infraestructura-virtual/IV-17-18, hito-1, Thu Sep 28 12:36:36 2017 +0200
infraestructura-virtual/IV-17-18, hito-1, Thu Sep 28 12:40:11 2017 +0200
infraestructura-virtual/IV-17-18, hito-1, Thu Sep 28 12:40:43 2017 +0200
infraestructura-virtual/IV-17-18, hito-1, Thu Sep 28 12:40:49 2017 +0200
infraestructura-virtual/IV-17-18, hito-1, Thu Sep 28 12:41:05 2017 +0200
infraestructura-virtual/IV-17-18, hito-1, Thu Sep 28 12:41:14 2017 +0200
infraestructura-virtual/IV-17-18, hito-1, Thu Sep 28 12:49:37 2017 +0200
infraestructura-virtual/IV-17-18, hito-1, Thu Sep 28 12:54:03 2017 +0200
infraestructura-virtual/IV-17-18, hito-1, Thu Sep 28 12:54:24 2017 +0200
infraestructura-virtual/IV-17-18, hito-1, Thu Sep 28 12:59:43 2017 +0200
infraestructura-virtual/IV-17-18, hito-1, Thu Sep 28 13:00:50 2017 +0200
infraestructura-virtual/IV-17-18, hito-1, Thu Sep 28 13:01:57 2017 +0200
infraestructura-virtual/IV-17-18, hito-1, Thu Sep 28 13:04:29 2017 +0200
infraestructura-virtual/IV-17-18, hito-1, Thu Sep 28 13:04:36 2017 +0200
infraestructura-virtual/IV-17-18, hito-1, Thu Sep 28 13:04:38 2017 +0200
infraestructura-virtual/IV-17-18, hito-1, Thu Sep 28 13:08:39 2017 +0200
infraestructura-virtual/IV-17-18, hito-1, Thu Sep 28 13:09:29 2017 +0200
infraestructura-virtual/IV-17-18, hito-1, Thu Sep 28 13:14:46 2017 +0200
infraestructura-virtual/IV-17-18, hito-1, Thu Sep 28 13:23:27 2017 +0200
infraestructura-virtual/IV-17-18, hito-1, Thu Sep 28 13:27:16 2017 +0200
infraestructura-virtual/IV-17-18, hito-1, Thu Sep 28 13:29:10 2017 +0200
infraestructura-virtual/IV-17-18, hito-1, Thu Sep 28 13:31:16 2017 +0200
infraestructura-virtual/IV-17-18, hito-1, Thu Sep 28 13:33:28 2017 +0200
infraestructura-virtual/IV-17-18, hito-1, Thu Sep 28 13:46:15 2017 +0200
infraestructura-virtual/IV-17-18, hito-1, Thu Sep 28 13:46:25 2017 +0200
infraestructura-virtual/IV-17-18, hito-1, Thu Sep 28 14:24:43 2017 +0200
infraestructura-virtual/IV-17-18, hito-1, Thu Sep 28 14:25:05 2017 +0200
infraestructura-virtual/IV-17-18, hito-1, Thu Sep 28 14:25:26 2017 +0200
infraestructura-virtual/IV-17-18, hito-1, Thu Sep 28 15:18:38 2017 +0200
infraestructura-virtual/IV-17-18, hito-1, Thu Sep 28 11:57:51 2017 -0400
infraestructura-virtual/IV-17-18, hito-1, Thu Sep 28 18:04:52 2017 +0200
infraestructura-virtual/IV-17-18, hito-1, Thu Sep 28 18:21:58 2017 +0200
infraestructura-virtual/IV-17-18, hito-1, Thu Sep 28 19:33:27 2017 +0200
infraestructura-virtual/IV-17-18, hito-1, Thu Sep 28 19:36:28 2017 +0200
infraestructura-virtual/IV-17-18, hito-1, Fri Sep 29 04:39:14 2017 +0200
infraestructura-virtual/IV-17-18, hito-1, Fri Sep 29 02:51:17 2017 -0400
infraestructura-virtual/IV-17-18, hito-1, Fri Sep 29 02:55:22 2017 -0400
infraestructura-virtual/IV-17-18, hito-1, Fri Sep 29 02:57:42 2017 -0400
infraestructura-virtual/IV-17-18, hito-1, Fri Sep 29 03:06:07 2017 -0400
infraestructura-virtual/IV-17-18, hito-1, Fri Sep 29 03:15:59 2017 -0400
infraestructura-virtual/IV-17-18, hito-1, Fri Sep 29 03:19:09 2017 -0400
infraestructura-virtual/IV-17-18, hito-1, Fri Sep 29 03:41:07 2017 -0400
infraestructura-virtual/IV-17-18, hito-1, Fri Sep 29 12:40:41 2017 +0200
infraestructura-virtual/IV-17-18, hito-1, Fri Sep 29 17:02:14 2017 +0200
infraestructura-virtual/IV-17-18, hito-1, Fri Sep 29 19:01:28 2017 +0200
infraestructura-virtual/IV-17-18, hito-1, Fri Sep 29 19:02:36 2017 +0200
infraestructura-virtual/IV-17-18, hito-1, Fri Sep 29 19:16:38 2017 +0200
infraestructura-virtual/IV-17-18, hito-1, Sat Sep 30 09:12:58 2017 +0200
infraestructura-virtual/IV-17-18, hito-1, Thu Oct 5 01:25:48 2017 +0200
infraestructura-virtual/IV-17-18, hito-1, Thu Oct 5 01:26:35 2017 +0200
infraestructura-virtual/IV-17-18, hito-1, Thu Oct 5 10:14:48 2017 +0200
infraestructura-virtual/IV-17-18, hito-1, Mon Oct 23 11:38:23 2017 +0200
infraestructura-virtual/IV-17-18, hito-1, Mon Oct 23 11:51:44 2017 +0200
infraestructura-virtual/IV-17-18, hito-1, Mon Oct 23 11:56:08 2017 +0200
infraestructura-virtual/IV-17-18, hito-1, Mon Oct 23 16:47:58 2017 +0200
infraestructura-virtual/IV-17-18, hito-1, Mon Oct 23 16:53:01 2017 +0200
infraestructura-virtual/IV-17-18, hito-1, Mon Oct 23 17:13:35 2017 +0200
infraestructura-virtual/IV-17-18, hito-1, Mon Oct 23 17:25:29 2017 +0200
infraestructura-virtual/IV-17-18, hito-1, Tue Nov 21 07:03:05 2017 +0100
infraestructura-virtual/IV-17-18, hito-2, Fri Sep 29 07:47:27 2017 +0200
infraestructura-virtual/IV-17-18, hito-2, Sun Oct 1 20:13:05 2017 +0200
infraestructura-virtual/IV-17-18, hito-2, Sun Oct 1 20:26:36 2017 +0200
infraestructura-virtual/IV-17-18, hito-2, Tue Oct 3 09:00:39 2017 +0200
infraestructura-virtual/IV-17-18, hito-2, Tue Oct 3 10:20:16 2017 +0200
infraestructura-virtual/IV-17-18, hito-2, Sun Oct 8 20:25:50 2017 +0200
infraestructura-virtual/IV-17-18, hito-2, Mon Oct 9 16:39:16 2017 +0200
infraestructura-virtual/IV-17-18, hito-2, Mon Oct 9 19:17:15 2017 +0200
infraestructura-virtual/IV-17-18, hito-2, Tue Oct 10 21:03:10 2017 +0200
infraestructura-virtual/IV-17-18, hito-2, Thu Oct 12 13:14:04 2017 +0200
infraestructura-virtual/IV-17-18, hito-2, Thu Oct 12 13:14:48 2017 +0200
infraestructura-virtual/IV-17-18, hito-2, Thu Oct 12 13:27:03 2017 +0200
infraestructura-virtual/IV-17-18, hito-2, Thu Oct 12 19:03:24 2017 +0200
infraestructura-virtual/IV-17-18, hito-2, Thu Oct 12 19:37:57 2017 +0200
infraestructura-virtual/IV-17-18, hito-2, Thu Oct 12 20:15:41 2017 +0200
infraestructura-virtual/IV-17-18, hito-2, Thu Oct 12 20:51:02 2017 +0200
infraestructura-virtual/IV-17-18, hito-2, Fri Oct 13 12:57:34 2017 +0200
infraestructura-virtual/IV-17-18, hito-2, Fri Oct 13 13:23:03 2017 +0200
infraestructura-virtual/IV-17-18, hito-2, Fri Oct 13 13:35:14 2017 +0200
infraestructura-virtual/IV-17-18, hito-2, Fri Oct 13 13:37:06 2017 +0200
infraestructura-virtual/IV-17-18, hito-2, Fri Oct 13 14:49:33 2017 +0200
infraestructura-virtual/IV-17-18, hito-2, Sat Oct 14 20:51:34 2017 +0200
infraestructura-virtual/IV-17-18, hito-2, Sun Oct 15 11:37:30 2017 +0200
infraestructura-virtual/IV-17-18, hito-2, Sun Oct 15 12:07:13 2017 +0200
infraestructura-virtual/IV-17-18, hito-2, Sun Oct 15 12:16:20 2017 +0200
infraestructura-virtual/IV-17-18, hito-2, Sun Oct 15 13:06:17 2017 +0200
infraestructura-virtual/IV-17-18, hito-2, Sun Oct 15 13:08:42 2017 +0200
infraestructura-virtual/IV-17-18, hito-2, Sun Oct 15 16:20:22 2017 +0200
infraestructura-virtual/IV-17-18, hito-2, Sun Oct 15 17:37:02 2017 +0200
infraestructura-virtual/IV-17-18, hito-2, Sun Oct 15 18:14:33 2017 +0200
infraestructura-virtual/IV-17-18, hito-2, Sun Oct 15 18:35:21 2017 +0200
infraestructura-virtual/IV-17-18, hito-2, Sun Oct 15 18:48:11 2017 +0200
infraestructura-virtual/IV-17-18, hito-2, Sun Oct 15 22:38:07 2017 +0200
infraestructura-virtual/IV-17-18, hito-2, Sun Oct 15 22:47:06 2017 +0200
infraestructura-virtual/IV-17-18, hito-2, Mon Oct 16 09:05:55 2017 +0200
infraestructura-virtual/IV-17-18, hito-2, Mon Oct 16 09:14:45 2017 +0200
infraestructura-virtual/IV-17-18, hito-2, Mon Oct 16 09:35:39 2017 +0200
infraestructura-virtual/IV-17-18, hito-2, Mon Oct 16 09:58:53 2017 +0200
infraestructura-virtual/IV-17-18, hito-2, Mon Oct 16 11:35:23 2017 +0200
infraestructura-virtual/IV-17-18, hito-2, Mon Oct 16 11:44:11 2017 +0200
infraestructura-virtual/IV-17-18, hito-2, Mon Oct 16 15:12:43 2017 +0200
infraestructura-virtual/IV-17-18, hito-2, Mon Oct 16 17:59:33 2017 +0200
infraestructura-virtual/IV-17-18, hito-2, Mon Oct 16 18:36:47 2017 +0200
infraestructura-virtual/IV-17-18, hito-2, Mon Oct 16 19:34:05 2017 +0200
infraestructura-virtual/IV-17-18, hito-2, Mon Oct 16 20:12:06 2017 +0200
infraestructura-virtual/IV-17-18, hito-2, Mon Oct 16 20:57:18 2017 +0200
infraestructura-virtual/IV-17-18, hito-2, Mon Oct 16 23:25:11 2017 +0200
infraestructura-virtual/IV-17-18, hito-2, Tue Oct 17 00:57:08 2017 +0200
infraestructura-virtual/IV-17-18, hito-2, Tue Oct 17 07:11:50 2017 +0200
infraestructura-virtual/IV-17-18, hito-2, Tue Oct 17 07:14:18 2017 +0200
infraestructura-virtual/IV-17-18, hito-2, Tue Oct 17 08:30:47 2017 +0200
infraestructura-virtual/IV-17-18, hito-2, Tue Oct 17 05:26:05 2017 -0400
infraestructura-virtual/IV-17-18, hito-2, Tue Oct 17 05:39:11 2017 -0400
infraestructura-virtual/IV-17-18, hito-2, Tue Oct 17 05:42:47 2017 -0400
infraestructura-virtual/IV-17-18, hito-2, Tue Oct 17 05:47:55 2017 -0400
infraestructura-virtual/IV-17-18, hito-2, Thu Oct 19 15:49:48 2017 +0200
infraestructura-virtual/IV-17-18, hito-2, Tue Oct 24 03:49:11 2017 -0400
infraestructura-virtual/IV-17-18, hito-2, Tue Oct 24 03:54:20 2017 -0400
infraestructura-virtual/IV-17-18, hito-2, Tue Oct 24 10:19:11 2017 +0200
infraestructura-virtual/IV-17-18, hito-2, Tue Nov 7 16:55:50 2017 +0100
infraestructura-virtual/IV-17-18, hito-2, Tue Nov 7 17:03:08 2017 +0100
infraestructura-virtual/IV-17-18, hito-2, Tue Nov 7 17:03:50 2017 +0100
infraestructura-virtual/IV-17-18, hito-2, Tue Nov 7 17:10:33 2017 +0100
infraestructura-virtual/IV-17-18, hito-2, Tue Nov 7 17:29:16 2017 +0100
infraestructura-virtual/IV-17-18, hito-2, Tue Nov 7 17:36:12 2017 +0100
infraestructura-virtual/IV-17-18, hito-2, Fri Nov 10 12:54:16 2017 +0100
infraestructura-virtual/IV-17-18, hito-2, Mon Nov 20 13:04:06 2017 +0100
infraestructura-virtual/IV-17-18, hito-2, Tue Nov 21 07:03:05 2017 +0100
infraestructura-virtual/IV-17-18, hito-3, Mon Oct 30 16:52:59 2017 +0100
infraestructura-virtual/IV-17-18, hito-3, Mon Oct 30 17:09:54 2017 +0100
infraestructura-virtual/IV-17-18, hito-3, Mon Oct 30 17:25:55 2017 +0100
infraestructura-virtual/IV-17-18, hito-3, Tue Oct 31 18:07:08 2017 +0100
infraestructura-virtual/IV-17-18, hito-3, Thu Nov 2 17:58:51 2017 +0100
infraestructura-virtual/IV-17-18, hito-3, Thu Nov 2 19:51:13 2017 +0100
infraestructura-virtual/IV-17-18, hito-3, Thu Nov 2 23:46:38 2017 +0100
infraestructura-virtual/IV-17-18, hito-3, Fri Nov 3 10:33:41 2017 +0100
infraestructura-virtual/IV-17-18, hito-3, Fri Nov 3 20:36:45 2017 +0100
infraestructura-virtual/IV-17-18, hito-3, Sat Nov 4 11:37:15 2017 +0100
infraestructura-virtual/IV-17-18, hito-3, Sat Nov 4 12:13:32 2017 +0100
infraestructura-virtual/IV-17-18, hito-3, Sat Nov 4 12:35:45 2017 +0100
infraestructura-virtual/IV-17-18, hito-3, Sat Nov 4 16:42:41 2017 +0100
infraestructura-virtual/IV-17-18, hito-3, Sat Nov 4 18:08:04 2017 +0100
infraestructura-virtual/IV-17-18, hito-3, Sat Nov 4 18:48:41 2017 +0100
infraestructura-virtual/IV-17-18, hito-3, Sat Nov 4 18:51:28 2017 +0100
infraestructura-virtual/IV-17-18, hito-3, Sat Nov 4 19:16:19 2017 +0100
infraestructura-virtual/IV-17-18, hito-3, Sat Nov 4 19:18:49 2017 +0100
infraestructura-virtual/IV-17-18, hito-3, Sat Nov 4 19:20:34 2017 +0100
infraestructura-virtual/IV-17-18, hito-3, Sat Nov 4 19:37:23 2017 +0100
infraestructura-virtual/IV-17-18, hito-3, Sat Nov 4 20:45:32 2017 +0100
infraestructura-virtual/IV-17-18, hito-3, Sat Nov 4 20:45:49 2017 +0100
infraestructura-virtual/IV-17-18, hito-3, Sat Nov 4 22:29:59 2017 +0100
infraestructura-virtual/IV-17-18, hito-3, Sun Nov 5 13:23:18 2017 +0100
infraestructura-virtual/IV-17-18, hito-3, Sun Nov 5 13:29:25 2017 +0100
infraestructura-virtual/IV-17-18, hito-3, Sun Nov 5 14:00:16 2017 +0100
infraestructura-virtual/IV-17-18, hito-3, Sun Nov 5 14:14:08 2017 +0100
infraestructura-virtual/IV-17-18, hito-3, Sun Nov 5 20:11:05 2017 +0100
infraestructura-virtual/IV-17-18, hito-3, Sun Nov 5 20:31:41 2017 +0100
infraestructura-virtual/IV-17-18, hito-3, Sun Nov 5 20:36:17 2017 +0100
infraestructura-virtual/IV-17-18, hito-3, Mon Nov 6 11:45:39 2017 +0100
infraestructura-virtual/IV-17-18, hito-3, Mon Nov 6 13:00:55 2017 +0100
infraestructura-virtual/IV-17-18, hito-3, Mon Nov 6 14:49:43 2017 +0100
infraestructura-virtual/IV-17-18, hito-3, Mon Nov 6 14:57:18 2017 +0100
infraestructura-virtual/IV-17-18, hito-3, Mon Nov 6 15:44:05 2017 +0100
infraestructura-virtual/IV-17-18, hito-3, Mon Nov 6 15:47:18 2017 +0100
infraestructura-virtual/IV-17-18, hito-3, Mon Nov 6 15:53:07 2017 +0100
infraestructura-virtual/IV-17-18, hito-3, Mon Nov 6 15:54:14 2017 +0100
infraestructura-virtual/IV-17-18, hito-3, Mon Nov 6 16:03:22 2017 +0100
infraestructura-virtual/IV-17-18, hito-3, Mon Nov 6 16:08:56 2017 +0100
infraestructura-virtual/IV-17-18, hito-3, Mon Nov 6 16:18:58 2017 +0100
infraestructura-virtual/IV-17-18, hito-3, Mon Nov 6 16:23:38 2017 +0100
infraestructura-virtual/IV-17-18, hito-3, Mon Nov 6 19:37:33 2017 +0100
infraestructura-virtual/IV-17-18, hito-3, Mon Nov 6 19:37:49 2017 +0100
infraestructura-virtual/IV-17-18, hito-3, Mon Nov 6 19:38:02 2017 +0100
infraestructura-virtual/IV-17-18, hito-3, Mon Nov 6 21:14:01 2017 +0100
infraestructura-virtual/IV-17-18, hito-3, Mon Nov 6 16:10:59 2017 -0500
infraestructura-virtual/IV-17-18, hito-3, Mon Nov 6 16:22:32 2017 -0500
infraestructura-virtual/IV-17-18, hito-3, Mon Nov 6 16:29:56 2017 -0500
infraestructura-virtual/IV-17-18, hito-3, Mon Nov 6 16:37:42 2017 -0500
infraestructura-virtual/IV-17-18, hito-3, Tue Nov 7 08:37:19 2017 +0100
infraestructura-virtual/IV-17-18, hito-3, Tue Nov 7 09:35:24 2017 +0100
infraestructura-virtual/IV-17-18, hito-3, Tue Nov 7 09:39:15 2017 +0100
infraestructura-virtual/IV-17-18, hito-3, Tue Nov 7 10:04:44 2017 +0100
infraestructura-virtual/IV-17-18, hito-3, Tue Nov 7 10:12:16 2017 +0100
infraestructura-virtual/IV-17-18, hito-3, Tue Nov 7 13:19:31 2017 +0100
infraestructura-virtual/IV-17-18, hito-3, Tue Nov 7 14:39:29 2017 +0100
infraestructura-virtual/IV-17-18, hito-3, Tue Nov 7 16:26:25 2017 +0100
infraestructura-virtual/IV-17-18, hito-3, Tue Nov 7 16:42:39 2017 +0100
infraestructura-virtual/IV-17-18, hito-3, Tue Nov 7 17:37:25 2017 +0100
infraestructura-virtual/IV-17-18, hito-3, Tue Nov 7 17:53:19 2017 +0100
infraestructura-virtual/IV-17-18, hito-3, Tue Nov 7 19:22:55 2017 +0100
infraestructura-virtual/IV-17-18, hito-3, Tue Nov 7 19:30:51 2017 +0100
infraestructura-virtual/IV-17-18, hito-3, Tue Nov 7 19:40:06 2017 +0100
infraestructura-virtual/IV-17-18, hito-3, Tue Nov 7 19:46:18 2017 +0100
infraestructura-virtual/IV-17-18, hito-3, Tue Nov 7 19:52:25 2017 +0100
infraestructura-virtual/IV-17-18, hito-3, Tue Nov 7 20:51:43 2017 +0100
infraestructura-virtual/IV-17-18, hito-3, Tue Nov 7 23:49:22 2017 +0100
infraestructura-virtual/IV-17-18, hito-3, Wed Nov 8 00:00:59 2017 +0100
infraestructura-virtual/IV-17-18, hito-3, Wed Nov 8 00:08:38 2017 +0100
infraestructura-virtual/IV-17-18, hito-3, Wed Nov 8 00:13:37 2017 +0100
infraestructura-virtual/IV-17-18, hito-3, Wed Nov 8 12:09:37 2017 +0100
infraestructura-virtual/IV-17-18, hito-3, Wed Nov 8 12:20:12 2017 +0100
infraestructura-virtual/IV-17-18, hito-3, Wed Nov 8 12:35:34 2017 +0100
infraestructura-virtual/IV-17-18, hito-3, Wed Nov 8 12:42:37 2017 +0100
infraestructura-virtual/IV-17-18, hito-3, Wed Nov 8 12:47:13 2017 +0100
infraestructura-virtual/IV-17-18, hito-3, Wed Nov 8 13:12:23 2017 +0100
infraestructura-virtual/IV-17-18, hito-3, Wed Nov 8 13:22:04 2017 +0100
infraestructura-virtual/IV-17-18, hito-3, Wed Nov 8 13:24:30 2017 +0100
infraestructura-virtual/IV-17-18, hito-3, Wed Nov 8 13:34:55 2017 +0100
infraestructura-virtual/IV-17-18, hito-3, Wed Nov 8 13:34:57 2017 +0100
infraestructura-virtual/IV-17-18, hito-3, Wed Nov 8 13:39:04 2017 +0100
infraestructura-virtual/IV-17-18, hito-3, Wed Nov 8 13:46:44 2017 +0100
infraestructura-virtual/IV-17-18, hito-3, Wed Nov 8 13:48:14 2017 +0100
infraestructura-virtual/IV-17-18, hito-3, Wed Nov 8 14:02:06 2017 +0100
infraestructura-virtual/IV-17-18, hito-3, Wed Nov 8 14:04:15 2017 +0100
infraestructura-virtual/IV-17-18, hito-3, Thu Nov 9 11:07:35 2017 +0100
infraestructura-virtual/IV-17-18, hito-3, Thu Nov 9 18:12:10 2017 +0100
infraestructura-virtual/IV-17-18, hito-3, Thu Nov 9 19:00:27 2017 +0100
infraestructura-virtual/IV-17-18, hito-3, Fri Nov 10 19:17:50 2017 +0100
infraestructura-virtual/IV-17-18, hito-3, Sat Nov 11 19:15:43 2017 +0100
infraestructura-virtual/IV-17-18, hito-3, Tue Nov 14 10:25:01 2017 +0100
infraestructura-virtual/IV-17-18, hito-3, Tue Nov 14 10:36:18 2017 +0100
infraestructura-virtual/IV-17-18, hito-3, Tue Nov 14 10:44:22 2017 +0100
infraestructura-virtual/IV-17-18, hito-3, Tue Nov 14 16:54:20 2017 +0100
infraestructura-virtual/IV-17-18, hito-3, Tue Nov 14 17:07:16 2017 +0100
infraestructura-virtual/IV-17-18, hito-3, Tue Nov 14 17:37:05 2017 +0100
infraestructura-virtual/IV-17-18, hito-3, Tue Nov 14 17:43:50 2017 +0100
infraestructura-virtual/IV-17-18, hito-3, Tue Nov 21 07:03:05 2017 +0100
infraestructura-virtual/IV-17-18, hito-3, Wed Nov 22 21:10:22 2017 +0100
infraestructura-virtual/IV-17-18, hito-3, Wed Nov 22 21:23:25 2017 +0100
infraestructura-virtual/IV-17-18, hito-3, Wed Nov 22 21:30:17 2017 +0100
infraestructura-virtual/IV-17-18, hito-3, Thu Nov 23 10:49:49 2017 +0100
infraestructura-virtual/IV-17-18, hito-4, Mon Nov 13 17:54:50 2017 +0100
infraestructura-virtual/IV-17-18, hito-4, Wed Nov 15 07:13:08 2017 +0100
infraestructura-virtual/IV-17-18, hito-4, Wed Nov 15 07:16:41 2017 +0100
infraestructura-virtual/IV-17-18, hito-4, Thu Nov 16 10:11:34 2017 +0100
infraestructura-virtual/IV-17-18, hito-4, Thu Nov 16 10:18:26 2017 +0100
infraestructura-virtual/IV-17-18, hito-4, Thu Nov 16 16:59:59 2017 +0100
infraestructura-virtual/IV-17-18, hito-4, Thu Nov 16 17:32:52 2017 +0100
infraestructura-virtual/IV-17-18, hito-4, Thu Nov 16 17:46:41 2017 +0100
infraestructura-virtual/IV-17-18, hito-4, Thu Nov 16 18:07:59 2017 +0100
infraestructura-virtual/IV-17-18, hito-4, Thu Nov 16 21:06:13 2017 +0100
infraestructura-virtual/IV-17-18, hito-4, Sat Nov 18 13:35:31 2017 +0100
infraestructura-virtual/IV-17-18, hito-4, Sat Nov 18 13:38:27 2017 +0100
infraestructura-virtual/IV-17-18, hito-4, Sat Nov 18 13:53:24 2017 +0100
infraestructura-virtual/IV-17-18, hito-4, Sun Nov 19 13:40:11 2017 +0100
infraestructura-virtual/IV-17-18, hito-4, Sun Nov 19 14:02:40 2017 +0100
infraestructura-virtual/IV-17-18, hito-4, Sun Nov 19 14:14:24 2017 +0100
infraestructura-virtual/IV-17-18, hito-4, Sun Nov 19 15:13:57 2017 +0100
infraestructura-virtual/IV-17-18, hito-4, Sun Nov 19 15:17:54 2017 +0100
infraestructura-virtual/IV-17-18, hito-4, Sun Nov 19 17:30:26 2017 +0100
infraestructura-virtual/IV-17-18, hito-4, Mon Nov 20 21:28:30 2017 +0100
infraestructura-virtual/IV-17-18, hito-4, Mon Nov 20 22:14:24 2017 +0100
infraestructura-virtual/IV-17-18, hito-4, Mon Nov 20 22:31:42 2017 +0100
infraestructura-virtual/IV-17-18, hito-4, Tue Nov 21 01:22:46 2017 +0100
infraestructura-virtual/IV-17-18, hito-4, Tue Nov 21 01:48:25 2017 +0100
infraestructura-virtual/IV-17-18, hito-4, Tue Nov 21 02:24:20 2017 +0100
infraestructura-virtual/IV-17-18, hito-4, Tue Nov 21 08:45:00 2017 +0100
infraestructura-virtual/IV-17-18, hito-4, Tue Nov 21 09:04:12 2017 +0100
infraestructura-virtual/IV-17-18, hito-4, Tue Nov 21 09:40:40 2017 +0100
infraestructura-virtual/IV-17-18, hito-4, Tue Nov 21 03:44:58 2017 -0500
infraestructura-virtual/IV-17-18, hito-4, Tue Nov 21 10:17:30 2017 +0100
infraestructura-virtual/IV-17-18, hito-4, Tue Nov 21 12:13:44 2017 +0100
infraestructura-virtual/IV-17-18, hito-4, Tue Nov 21 12:19:44 2017 +0100
infraestructura-virtual/IV-17-18, hito-4, Tue Nov 21 13:06:20 2017 +0100
infraestructura-virtual/IV-17-18, hito-4, Tue Nov 21 13:26:25 2017 +0100
infraestructura-virtual/IV-17-18, hito-4, Tue Nov 21 13:29:48 2017 +0100
infraestructura-virtual/IV-17-18, hito-4, Tue Nov 21 13:35:32 2017 +0100
infraestructura-virtual/IV-17-18, hito-4, Tue Nov 21 17:10:00 2017 +0100
infraestructura-virtual/IV-17-18, hito-4, Tue Nov 21 18:45:13 2017 +0100
infraestructura-virtual/IV-17-18, hito-4, Tue Nov 21 18:57:13 2017 +0100
infraestructura-virtual/IV-17-18, hito-4, Tue Nov 21 19:05:45 2017 +0100
infraestructura-virtual/IV-17-18, hito-4, Tue Nov 21 20:31:17 2017 +0100
infraestructura-virtual/IV-17-18, hito-4, Tue Nov 21 23:29:47 2017 +0100
infraestructura-virtual/IV-17-18, hito-4, Wed Nov 22 00:05:36 2017 +0100
infraestructura-virtual/IV-17-18, hito-4, Wed Nov 22 10:44:05 2017 +0100
infraestructura-virtual/IV-17-18, hito-4, Thu Nov 23 10:31:42 2017 +0100
infraestructura-virtual/IV-17-18, hito-4, Thu Nov 23 11:16:24 2017 +0100
infraestructura-virtual/IV-17-18, hito-4, Thu Nov 23 12:12:55 2017 +0100
infraestructura-virtual/IV-17-18, hito-4, Thu Nov 23 12:24:01 2017 +0100
infraestructura-virtual/IV-17-18, hito-4, Thu Nov 23 12:41:30 2017 +0100
infraestructura-virtual/IV-17-18, hito-4, Thu Nov 23 12:42:08 2017 +0100
infraestructura-virtual/IV-17-18, hito-4, Thu Nov 23 12:46:37 2017 +0100
infraestructura-virtual/IV-17-18, hito-4, Thu Nov 23 12:55:04 2017 +0100
infraestructura-virtual/IV-17-18, hito-4, Thu Nov 23 12:57:03 2017 +0100
infraestructura-virtual/IV-17-18, hito-4, Thu Nov 23 13:27:18 2017 +0100
infraestructura-virtual/IV-17-18, hito-4, Thu Nov 23 13:28:38 2017 +0100
infraestructura-virtual/IV-17-18, hito-4, Thu Nov 23 13:39:33 2017 +0100
infraestructura-virtual/IV-17-18, hito-4, Thu Nov 23 13:40:53 2017 +0100
infraestructura-virtual/IV-17-18, hito-4, Thu Nov 23 14:08:43 2017 +0100
infraestructura-virtual/IV-17-18, hito-4, Thu Nov 23 14:10:58 2017 +0100
infraestructura-virtual/IV-17-18, hito-4, Thu Nov 23 14:26:36 2017 +0100
infraestructura-virtual/IV-17-18, hito-4, Thu Nov 23 15:05:38 2017 +0100
infraestructura-virtual/IV-17-18, hito-4, Thu Nov 23 15:10:55 2017 +0100
infraestructura-virtual/IV-17-18, hito-4, Thu Nov 23 15:20:31 2017 +0100
infraestructura-virtual/IV-17-18, hito-4, Thu Nov 23 15:30:42 2017 +0100
infraestructura-virtual/IV-17-18, hito-4, Thu Nov 23 15:47:56 2017 +0100
infraestructura-virtual/IV-17-18, hito-4, Thu Nov 23 15:54:20 2017 +0100
infraestructura-virtual/IV-17-18, hito-4, Thu Nov 23 16:20:49 2017 +0100
infraestructura-virtual/IV-17-18, hito-4, Thu Nov 23 16:44:30 2017 +0100
infraestructura-virtual/IV-17-18, hito-4, Thu Nov 23 16:49:31 2017 +0100
infraestructura-virtual/IV-17-18, hito-4, Thu Nov 23 16:54:53 2017 +0100
infraestructura-virtual/IV-17-18, hito-4, Sat Nov 25 13:31:36 2017 +0100
infraestructura-virtual/IV-17-18, hito-4, Sun Nov 26 17:31:51 2017 +0100
infraestructura-virtual/IV-17-18, hito-4, Mon Nov 27 19:29:29 2017 +0100
infraestructura-virtual/IV-17-18, hito-4, Tue Nov 28 13:34:36 2017 -0500
infraestructura-virtual/IV-17-18, hito-4, Tue Nov 28 13:38:30 2017 -0500
infraestructura-virtual/IV-17-18, hito-4, Tue Nov 28 13:47:35 2017 -0500
infraestructura-virtual/IV-17-18, hito-4, Tue Nov 28 13:48:55 2017 -0500
infraestructura-virtual/IV-17-18, hito-4, Wed Nov 29 07:10:54 2017 -0500
infraestructura-virtual/IV-17-18, hito-4, Wed Nov 29 07:23:42 2017 -0500
infraestructura-virtual/IV-17-18, hito-4, Wed Nov 29 07:27:41 2017 -0500
infraestructura-virtual/IV-17-18, hito-4, Wed Nov 29 07:40:31 2017 -0500
infraestructura-virtual/IV-17-18, hito-4, Thu Nov 30 05:05:04 2017 -0500
infraestructura-virtual/IV-17-18, hito-4, Thu Nov 30 05:19:01 2017 -0500
infraestructura-virtual/IV-17-18, hito-4, Thu Nov 30 12:45:43 2017 +0100
infraestructura-virtual/IV-17-18, hito-4, Thu Nov 30 12:59:23 2017 +0100
infraestructura-virtual/IV-17-18, hito-4, Mon Dec 4 18:14:31 2017 +0100
infraestructura-virtual/IV-17-18, hito-4, Mon Dec 4 18:38:18 2017 +0100
infraestructura-virtual/IV-17-18, hito-4, Mon Dec 4 19:09:23 2017 +0100
infraestructura-virtual/IV-17-18, hito-4, Mon Dec 4 19:14:29 2017 +0100
infraestructura-virtual/IV-17-18, hito-4, Mon Dec 4 19:29:42 2017 +0100
infraestructura-virtual/IV-17-18, hito-4, Fri Jan 5 17:51:20 2018 +0100
infraestructura-virtual/IV-17-18, hito-4, Fri Jan 5 18:57:03 2018 +0100
infraestructura-virtual/IV-17-18, hito-4, Fri Jan 5 19:15:31 2018 +0100
infraestructura-virtual/IV-17-18, hito-5, Thu Dec 7 11:19:00 2017 +0100
infraestructura-virtual/IV-17-18, hito-5, Thu Dec 7 12:03:13 2017 +0100
infraestructura-virtual/IV-17-18, hito-5, Sun Dec 17 13:24:08 2017 +0100
infraestructura-virtual/IV-17-18, hito-5, Sun Dec 17 13:41:04 2017 +0100
infraestructura-virtual/IV-17-18, hito-5, Sun Dec 17 18:16:30 2017 +0100
infraestructura-virtual/IV-17-18, hito-5, Sun Dec 17 18:51:02 2017 +0100
infraestructura-virtual/IV-17-18, hito-5, Sun Dec 17 18:52:58 2017 +0100
infraestructura-virtual/IV-17-18, hito-5, Sun Dec 17 19:00:07 2017 +0100
infraestructura-virtual/IV-17-18, hito-5, Sun Dec 17 19:01:19 2017 +0100
infraestructura-virtual/IV-17-18, hito-5, Sun Dec 17 19:12:42 2017 +0100
infraestructura-virtual/IV-17-18, hito-5, Sun Dec 17 19:25:36 2017 +0100
infraestructura-virtual/IV-17-18, hito-5, Sun Dec 17 19:43:23 2017 +0100
infraestructura-virtual/IV-17-18, hito-5, Sun Dec 17 19:49:33 2017 +0100
infraestructura-virtual/IV-17-18, hito-5, Sun Dec 17 19:49:51 2017 +0100
infraestructura-virtual/IV-17-18, hito-5, Mon Dec 18 14:36:32 2017 +0100
infraestructura-virtual/IV-17-18, hito-5, Tue Dec 19 17:33:31 2017 +0100
infraestructura-virtual/IV-17-18, hito-5, Tue Dec 19 17:44:01 2017 +0100
infraestructura-virtual/IV-17-18, hito-5, Tue Dec 19 17:53:04 2017 +0100
infraestructura-virtual/IV-17-18, hito-5, Tue Dec 19 17:59:04 2017 +0100
infraestructura-virtual/IV-17-18, hito-5, Tue Dec 19 18:19:31 2017 +0100
infraestructura-virtual/IV-17-18, hito-5, Tue Dec 19 19:03:40 2017 +0100
infraestructura-virtual/IV-17-18, hito-5, Tue Dec 19 19:13:20 2017 +0100
infraestructura-virtual/IV-17-18, hito-5, Thu Dec 21 11:12:30 2017 +0100
infraestructura-virtual/IV-17-18, hito-5, Thu Dec 21 11:20:23 2017 +0100
infraestructura-virtual/IV-17-18, hito-5, Sun Dec 24 20:38:29 2017 +0100
infraestructura-virtual/IV-17-18, hito-5, Sun Dec 24 20:53:22 2017 +0100
infraestructura-virtual/IV-17-18, hito-5, Sun Dec 24 21:01:42 2017 +0100
infraestructura-virtual/IV-17-18, hito-5, Tue Dec 26 17:47:01 2017 +0100
infraestructura-virtual/IV-17-18, hito-5, Tue Dec 26 18:45:02 2017 +0100
infraestructura-virtual/IV-17-18, hito-5, Tue Dec 26 19:08:17 2017 +0100
infraestructura-virtual/IV-17-18, hito-5, Tue Dec 26 19:14:58 2017 +0100
infraestructura-virtual/IV-17-18, hito-5, Tue Dec 26 19:24:11 2017 +0100
infraestructura-virtual/IV-17-18, hito-5, Tue Dec 26 19:39:08 2017 +0100
infraestructura-virtual/IV-17-18, hito-5, Sun Dec 31 17:58:07 2017 +0100
infraestructura-virtual/IV-17-18, hito-5, Sun Dec 31 18:26:44 2017 +0100
infraestructura-virtual/IV-17-18, hito-5, Sun Dec 31 18:37:24 2017 +0100
infraestructura-virtual/IV-17-18, hito-5, Sun Dec 31 18:51:19 2017 +0100
infraestructura-virtual/IV-17-18, hito-5, Sun Dec 31 19:00:02 2017 +0100
infraestructura-virtual/IV-17-18, hito-5, Mon Jan 1 11:12:06 2018 +0100
infraestructura-virtual/IV-17-18, hito-5, Mon Jan 1 11:17:01 2018 +0100
infraestructura-virtual/IV-17-18, hito-5, Mon Jan 1 11:30:24 2018 +0100
infraestructura-virtual/IV-17-18, hito-5, Wed Jan 3 15:27:35 2018 +0100
infraestructura-virtual/IV-17-18, hito-5, Wed Jan 3 16:42:20 2018 +0100
infraestructura-virtual/IV-17-18, hito-5, Wed Jan 3 22:01:03 2018 +0100
infraestructura-virtual/IV-17-18, hito-5, Wed Jan 3 22:05:38 2018 +0100
infraestructura-virtual/IV-17-18, hito-5, Wed Jan 3 22:13:03 2018 +0100
infraestructura-virtual/IV-17-18, hito-5, Wed Jan 3 23:11:39 2018 +0100
infraestructura-virtual/IV-17-18, hito-5, Thu Jan 4 00:02:18 2018 +0100
infraestructura-virtual/IV-17-18, hito-5, Thu Jan 4 08:24:16 2018 +0100
infraestructura-virtual/IV-17-18, hito-5, Thu Jan 4 13:37:57 2018 +0100
infraestructura-virtual/IV-17-18, hito-5, Thu Jan 4 13:45:38 2018 +0100
infraestructura-virtual/IV-17-18, hito-5, Thu Jan 4 15:27:25 2018 +0100
infraestructura-virtual/IV-17-18, hito-5, Thu Jan 4 18:12:26 2018 +0100
infraestructura-virtual/IV-17-18, hito-5, Thu Jan 4 18:22:17 2018 +0100
infraestructura-virtual/IV-17-18, hito-5, Thu Jan 4 18:23:55 2018 +0100
infraestructura-virtual/IV-17-18, hito-5, Fri Jan 5 21:09:41 2018 +0100
infraestructura-virtual/IV-17-18, hito-5, Fri Jan 5 21:21:45 2018 +0100
infraestructura-virtual/IV-17-18, hito-5, Fri Jan 5 21:37:51 2018 +0100
infraestructura-virtual/IV-17-18, hito-5, Fri Jan 5 21:38:39 2018 +0100
infraestructura-virtual/IV-17-18, hito-5, Fri Jan 5 21:55:32 2018 +0100
infraestructura-virtual/IV-17-18, hito-5, Fri Jan 5 23:37:03 2018 +0100
infraestructura-virtual/IV-17-18, hito-5, Sat Jan 6 03:07:28 2018 +0100
infraestructura-virtual/IV-17-18, hito-5, Sat Jan 6 08:44:59 2018 +0100
infraestructura-virtual/IV-17-18, hito-5, Sat Jan 6 08:45:09 2018 +0100
infraestructura-virtual/IV-17-18, hito-5, Sun Jan 7 13:13:43 2018 +0100
infraestructura-virtual/IV-17-18, hito-5, Sun Jan 7 14:18:45 2018 +0100
infraestructura-virtual/IV-17-18, hito-5, Sun Jan 7 14:30:53 2018 +0100
infraestructura-virtual/IV-17-18, hito-5, Tue Jan 9 20:11:43 2018 +0100
infraestructura-virtual/IV-17-18, hito-5, Tue Jan 9 20:28:19 2018 +0100
infraestructura-virtual/IV-17-18, hito-5, Tue Jan 9 21:16:43 2018 +0100
infraestructura-virtual/IV-17-18, hito-5, Fri Jan 12 00:02:24 2018 +0100
infraestructura-virtual/IV-17-18, hito-5, Fri Jan 12 00:09:12 2018 +0100
infraestructura-virtual/IV-17-18, hito-5, Fri Jan 12 00:16:12 2018 +0100
infraestructura-virtual/IV-17-18, hito-5, Fri Jan 12 00:23:53 2018 +0100
infraestructura-virtual/IV-17-18, hito-5, Fri Jan 12 00:50:49 2018 +0100
infraestructura-virtual/IV-17-18, hito-5, Fri Jan 12 01:06:39 2018 +0100
infraestructura-virtual/IV-17-18, hito-5, Fri Jan 12 10:26:57 2018 +0100
infraestructura-virtual/IV-17-18, hito-5, Fri Jan 12 11:55:26 2018 +0100
infraestructura-virtual/IV-17-18, hito-5, Fri Jan 12 12:33:16 2018 +0100
infraestructura-virtual/IV-17-18, hito-5, Fri Jan 12 20:27:14 2018 +0100
infraestructura-virtual/IV-17-18, hito-5, Fri Jan 12 20:29:05 2018 +0100
infraestructura-virtual/IV-17-18, hito-5, Fri Jan 12 20:36:39 2018 +0100
infraestructura-virtual/IV-17-18, hito-5, Fri Jan 12 22:31:31 2018 +0100
infraestructura-virtual/IV-17-18, hito-5, Fri Jan 12 22:31:52 2018 +0100
infraestructura-virtual/IV-17-18, hito-5, Fri Jan 12 22:43:53 2018 +0100
infraestructura-virtual/IV-17-18, hito-5, Fri Jan 12 22:48:27 2018 +0100
infraestructura-virtual/IV-17-18, hito-5, Sat Jan 13 09:41:30 2018 +0100
infraestructura-virtual/IV-17-18, hito-5, Sat Jan 13 12:43:00 2018 +0100
infraestructura-virtual/IV-17-18, hito-5, Sat Jan 13 12:46:39 2018 +0100
infraestructura-virtual/IV-17-18, hito-5, Sat Jan 13 17:16:39 2018 +0100
infraestructura-virtual/IV-17-18, hito-5, Fri Jan 19 09:50:08 2018 +0100
infraestructura-virtual/IV-17-18, hito-5, Fri Jan 19 16:13:57 2018 +0100
infraestructura-virtual/IV-17-18, hito-5, Sat Jan 20 14:23:30 2018 +0100
infraestructura-virtual/IV-17-18, hito-5, Sat Jan 20 14:25:01 2018 +0100
infraestructura-virtual/IV16-17, 0, Fri Sep 9 11:38:57 2016 +0200
infraestructura-virtual/IV16-17, 0, Sun Sep 25 18:11:16 2016 +0200
infraestructura-virtual/IV16-17, 0, Sun Sep 25 19:43:23 2016 +0200
infraestructura-virtual/IV16-17, 0, Sun Sep 25 19:46:25 2016 +0200
infraestructura-virtual/IV16-17, 0, Sun Sep 25 22:47:58 2016 +0200
infraestructura-virtual/IV16-17, 0, Mon Sep 26 09:28:08 2016 +0200
infraestructura-virtual/IV16-17, 0, Mon Sep 26 09:42:24 2016 +0200
infraestructura-virtual/IV16-17, 0, Mon Sep 26 10:50:20 2016 +0200
infraestructura-virtual/IV16-17, 0, Mon Sep 26 10:50:50 2016 +0200
infraestructura-virtual/IV16-17, 0, Mon Sep 26 18:05:37 2016 +0200
infraestructura-virtual/IV16-17, 0, Tue Sep 27 20:56:45 2016 +0200
infraestructura-virtual/IV16-17, 0, Tue Sep 27 22:27:34 2016 +0200
infraestructura-virtual/IV16-17, 0, Tue Sep 27 23:16:21 2016 +0200
infraestructura-virtual/IV16-17, 0, Tue Sep 27 14:16:48 2016 -0700
infraestructura-virtual/IV16-17, 0, Wed Sep 28 00:47:25 2016 +0200
infraestructura-virtual/IV16-17, 0, Wed Sep 28 08:21:32 2016 +0200
infraestructura-virtual/IV16-17, 0, Wed Sep 28 00:36:03 2016 -0700
infraestructura-virtual/IV16-17, 0, Wed Sep 28 10:08:25 2016 +0200
infraestructura-virtual/IV16-17, 0, Wed Sep 28 10:22:42 2016 +0200
infraestructura-virtual/IV16-17, 0, Wed Sep 28 10:23:36 2016 +0200
infraestructura-virtual/IV16-17, 0, Wed Sep 28 10:24:58 2016 +0200
infraestructura-virtual/IV16-17, 0, Wed Sep 28 10:26:59 2016 +0200
infraestructura-virtual/IV16-17, 0, Wed Sep 28 10:44:31 2016 +0200
infraestructura-virtual/IV16-17, 0, Wed Sep 28 10:54:10 2016 +0200
infraestructura-virtual/IV16-17, 0, Wed Sep 28 11:17:20 2016 +0200
infraestructura-virtual/IV16-17, 0, Wed Sep 28 14:57:49 2016 +0200
infraestructura-virtual/IV16-17, 0, Wed Sep 28 16:48:20 2016 +0200
infraestructura-virtual/IV16-17, 0, Wed Sep 28 18:41:15 2016 +0200
infraestructura-virtual/IV16-17, 0, Wed Sep 28 19:14:19 2016 +0200
infraestructura-virtual/IV16-17, 0, Wed Sep 28 20:55:46 2016 +0200
infraestructura-virtual/IV16-17, 0, Thu Sep 29 01:41:16 2016 +0200
infraestructura-virtual/IV16-17, 0, Thu Sep 29 09:06:50 2016 +0200
infraestructura-virtual/IV16-17, 0, Thu Sep 29 09:24:31 2016 +0200
infraestructura-virtual/IV16-17, 0, Wed Sep 28 21:20:39 2016 +0200
infraestructura-virtual/IV16-17, 0, Wed Sep 28 21:22:51 2016 +0200
infraestructura-virtual/IV16-17, 0, Wed Sep 28 21:59:17 2016 +0200
infraestructura-virtual/IV16-17, 0, Wed Sep 28 22:40:20 2016 +0200
infraestructura-virtual/IV16-17, 0, Wed Sep 28 23:30:06 2016 +0200
infraestructura-virtual/IV16-17, 0, Thu Sep 29 00:05:38 2016 +0200
infraestructura-virtual/IV16-17, 0, Thu Sep 29 00:56:37 2016 +0200
infraestructura-virtual/IV16-17, 0, Thu Sep 29 01:34:58 2016 +0200
infraestructura-virtual/IV16-17, 0, Thu Sep 29 01:44:39 2016 +0200
infraestructura-virtual/IV16-17, 0, Thu Sep 29 07:42:27 2016 +0200
infraestructura-virtual/IV16-17, 0, Thu Sep 29 08:17:26 2016 +0200
infraestructura-virtual/IV16-17, 0, Thu Sep 29 08:41:48 2016 +0200
infraestructura-virtual/IV16-17, 0, Thu Sep 29 09:08:30 2016 +0200
infraestructura-virtual/IV16-17, 0, Thu Sep 29 09:09:05 2016 +0200
infraestructura-virtual/IV16-17, 0, Thu Sep 29 09:11:29 2016 +0200
infraestructura-virtual/IV16-17, 0, Thu Sep 29 09:11:49 2016 +0200
infraestructura-virtual/IV16-17, 0, Thu Sep 29 09:12:54 2016 +0200
infraestructura-virtual/IV16-17, 0, Thu Sep 29 09:16:56 2016 +0200
infraestructura-virtual/IV16-17, 0, Thu Sep 29 09:29:58 2016 +0200
infraestructura-virtual/IV16-17, 0, Thu Sep 29 09:53:07 2016 +0200
infraestructura-virtual/IV16-17, 0, Thu Sep 29 10:05:51 2016 +0200
infraestructura-virtual/IV16-17, 0, Thu Sep 29 10:06:35 2016 +0200
infraestructura-virtual/IV16-17, 0, Thu Sep 29 10:06:53 2016 +0200
infraestructura-virtual/IV16-17, 0, Thu Sep 29 10:11:26 2016 +0200
infraestructura-virtual/IV16-17, 0, Thu Sep 29 10:14:24 2016 +0200
infraestructura-virtual/IV16-17, 0, Thu Sep 29 10:26:06 2016 +0200
infraestructura-virtual/IV16-17, 0, Thu Sep 29 10:27:36 2016 +0200
infraestructura-virtual/IV16-17, 0, Thu Sep 29 10:31:31 2016 +0200
infraestructura-virtual/IV16-17, 0, Thu Sep 29 10:32:34 2016 +0200
infraestructura-virtual/IV16-17, 0, Thu Sep 29 10:33:00 2016 +0200
infraestructura-virtual/IV16-17, 0, Thu Sep 29 10:33:15 2016 +0200
infraestructura-virtual/IV16-17, 0, Thu Sep 29 10:34:48 2016 +0200
infraestructura-virtual/IV16-17, 0, Thu Sep 29 10:34:50 2016 +0200
infraestructura-virtual/IV16-17, 0, Thu Sep 29 10:36:02 2016 +0200
infraestructura-virtual/IV16-17, 0, Thu Sep 29 10:36:45 2016 +0200
infraestructura-virtual/IV16-17, 0, Thu Sep 29 10:47:47 2016 +0200
infraestructura-virtual/IV16-17, 0, Thu Sep 29 11:16:05 2016 +0200
infraestructura-virtual/IV16-17, 0, Thu Sep 29 11:16:36 2016 +0200
infraestructura-virtual/IV16-17, 0, Thu Sep 29 11:27:58 2016 +0200
infraestructura-virtual/IV16-17, 0, Thu Sep 29 11:37:13 2016 +0200
infraestructura-virtual/IV16-17, 0, Thu Sep 29 11:37:35 2016 +0200
infraestructura-virtual/IV16-17, 0, Thu Sep 29 11:42:02 2016 +0200
infraestructura-virtual/IV16-17, 0, Thu Sep 29 11:47:03 2016 +0200
infraestructura-virtual/IV16-17, 0, Thu Sep 29 11:54:40 2016 +0200
infraestructura-virtual/IV16-17, 0, Thu Sep 29 11:55:41 2016 +0200
infraestructura-virtual/IV16-17, 0, Thu Sep 29 11:56:07 2016 +0200
infraestructura-virtual/IV16-17, 0, Thu Sep 29 11:57:05 2016 +0200
infraestructura-virtual/IV16-17, 0, Thu Sep 29 11:57:09 2016 +0200
infraestructura-virtual/IV16-17, 0, Thu Sep 29 11:58:03 2016 +0200
infraestructura-virtual/IV16-17, 0, Thu Sep 29 12:01:49 2016 +0200
infraestructura-virtual/IV16-17, 0, Thu Sep 29 12:02:39 2016 +0200
infraestructura-virtual/IV16-17, 0, Thu Sep 29 12:17:20 2016 +0200
infraestructura-virtual/IV16-17, 0, Thu Sep 29 12:18:02 2016 +0200
infraestructura-virtual/IV16-17, 0, Thu Sep 29 12:18:16 2016 +0200
infraestructura-virtual/IV16-17, 0, Thu Sep 29 12:18:36 2016 +0200
infraestructura-virtual/IV16-17, 0, Thu Sep 29 12:37:37 2016 +0200
infraestructura-virtual/IV16-17, 0, Thu Sep 29 12:55:10 2016 +0200
infraestructura-virtual/IV16-17, 0, Thu Sep 29 13:17:03 2016 +0200
infraestructura-virtual/IV16-17, 0, Thu Sep 29 13:58:19 2016 +0200
infraestructura-virtual/IV16-17, 0, Thu Sep 29 13:58:45 2016 +0200
infraestructura-virtual/IV16-17, 0, Thu Sep 29 17:05:49 2016 +0200
infraestructura-virtual/IV16-17, 0, Thu Sep 29 17:24:38 2016 +0200
infraestructura-virtual/IV16-17, 0, Thu Sep 29 18:27:17 2016 +0200
infraestructura-virtual/IV16-17, 0, Thu Sep 29 18:33:43 2016 +0200
infraestructura-virtual/IV16-17, 0, Thu Sep 29 19:50:42 2016 +0200
infraestructura-virtual/IV16-17, 0, Thu Sep 29 19:58:01 2016 +0200
infraestructura-virtual/IV16-17, 0, Thu Sep 29 20:19:53 2016 +0200
infraestructura-virtual/IV16-17, 0, Thu Sep 29 20:50:09 2016 +0200
infraestructura-virtual/IV16-17, 0, Fri Sep 30 08:46:07 2016 +0200
infraestructura-virtual/IV16-17, 0, Fri Sep 30 12:24:26 2016 +0200
infraestructura-virtual/IV16-17, 0, Fri Sep 30 13:04:21 2016 +0200
infraestructura-virtual/IV16-17, 0, Fri Sep 30 14:59:49 2016 +0200
infraestructura-virtual/IV16-17, 0, Fri Sep 30 15:16:01 2016 +0200
infraestructura-virtual/IV16-17, 0, Sat Oct 1 10:27:45 2016 +0200
infraestructura-virtual/IV16-17, 0, Sat Oct 1 10:29:10 2016 +0200
infraestructura-virtual/IV16-17, 0, Sat Oct 1 11:52:59 2016 +0200
infraestructura-virtual/IV16-17, 0, Sun Oct 2 17:08:03 2016 +0200
infraestructura-virtual/IV16-17, 0, Mon Oct 3 17:39:33 2016 +0200
infraestructura-virtual/IV16-17, 0, Mon Oct 3 18:13:13 2016 +0200
infraestructura-virtual/IV16-17, 0, Tue Oct 4 10:49:32 2016 +0200
infraestructura-virtual/IV16-17, 0, Tue Oct 4 14:34:59 2016 +0200
infraestructura-virtual/IV16-17, 0, Tue Oct 4 23:10:08 2016 +0200
infraestructura-virtual/IV16-17, 0, Wed Oct 5 09:42:26 2016 +0200
infraestructura-virtual/IV16-17, 0, Wed Oct 5 11:03:30 2016 +0200
infraestructura-virtual/IV16-17, 0, Wed Oct 5 11:15:49 2016 +0200
infraestructura-virtual/IV16-17, 0, Wed Oct 5 11:20:23 2016 +0200
infraestructura-virtual/IV16-17, 0, Wed Oct 5 11:27:20 2016 +0200
infraestructura-virtual/IV16-17, 0, Wed Oct 5 13:05:40 2016 +0200
infraestructura-virtual/IV16-17, 0, Wed Oct 5 13:11:55 2016 +0200
infraestructura-virtual/IV16-17, 0, Wed Oct 5 13:49:47 2016 +0200
infraestructura-virtual/IV16-17, 0, Wed Oct 5 15:12:31 2016 +0200
infraestructura-virtual/IV16-17, 0, Wed Oct 5 15:19:46 2016 +0200
infraestructura-virtual/IV16-17, 0, Wed Oct 5 18:17:03 2016 +0200
infraestructura-virtual/IV16-17, 0, Wed Oct 5 20:45:18 2016 +0200
infraestructura-virtual/IV16-17, 0, Wed Oct 5 20:54:45 2016 +0200
infraestructura-virtual/IV16-17, 0, Wed Oct 5 21:22:19 2016 +0200
infraestructura-virtual/IV16-17, 0, Wed Oct 5 21:25:02 2016 +0200
infraestructura-virtual/IV16-17, 0, Wed Oct 5 21:46:19 2016 +0200
infraestructura-virtual/IV16-17, 0, Thu Oct 6 00:19:19 2016 +0200
infraestructura-virtual/IV16-17, 0, Thu Oct 6 00:22:33 2016 +0200
infraestructura-virtual/IV16-17, 0, Thu Oct 6 00:30:10 2016 +0200
infraestructura-virtual/IV16-17, 0, Thu Oct 6 03:06:41 2016 +0200
infraestructura-virtual/IV16-17, 0, Thu Oct 6 09:19:04 2016 +0200
infraestructura-virtual/IV16-17, 0, Thu Oct 6 09:19:04 2016 +0200
infraestructura-virtual/IV16-17, 0, Thu Oct 6 09:21:11 2016 +0200
infraestructura-virtual/IV16-17, 0, Thu Oct 6 09:36:35 2016 +0200
infraestructura-virtual/IV16-17, 0, Thu Oct 6 09:42:34 2016 +0200
infraestructura-virtual/IV16-17, 0, Thu Oct 6 09:58:23 2016 +0200
infraestructura-virtual/IV16-17, 0, Thu Oct 6 10:03:09 2016 +0200
infraestructura-virtual/IV16-17, 0, Thu Oct 6 10:24:43 2016 +0200
infraestructura-virtual/IV16-17, 0, Thu Oct 6 10:25:34 2016 +0200
infraestructura-virtual/IV16-17, 0, Thu Oct 6 11:20:22 2016 +0200
infraestructura-virtual/IV16-17, 0, Thu Oct 6 11:28:43 2016 +0200
infraestructura-virtual/IV16-17, 0, Thu Oct 6 11:29:58 2016 +0200
infraestructura-virtual/IV16-17, 0, Thu Oct 6 12:04:22 2016 +0200
infraestructura-virtual/IV16-17, 0, Thu Oct 6 12:07:53 2016 +0200
infraestructura-virtual/IV16-17, 0, Thu Oct 6 18:09:47 2016 +0200
infraestructura-virtual/IV16-17, 0, Thu Oct 6 20:39:44 2016 +0200
infraestructura-virtual/IV16-17, 0, Thu Oct 6 22:45:27 2016 +0200
infraestructura-virtual/IV16-17, 0, Fri Oct 7 08:14:08 2016 +0200
infraestructura-virtual/IV16-17, 0, Fri Oct 7 08:15:00 2016 +0200
infraestructura-virtual/IV16-17, 0, Sat Oct 8 09:31:45 2016 +0200
infraestructura-virtual/IV16-17, 0, Sat Oct 8 09:00:28 2016 +0200
infraestructura-virtual/IV16-17, 0, Sat Oct 8 13:37:17 2016 +0200
infraestructura-virtual/IV16-17, 0, Sat Oct 8 14:43:01 2016 +0200
infraestructura-virtual/IV16-17, 0, Sun Oct 9 15:37:26 2016 +0200
infraestructura-virtual/IV16-17, 0, Sun Oct 9 19:59:53 2016 +0200
infraestructura-virtual/IV16-17, 0, Sun Oct 9 20:33:02 2016 +0200
infraestructura-virtual/IV16-17, 0, Mon Oct 10 08:32:14 2016 +0200
infraestructura-virtual/IV16-17, 0, Wed Oct 12 08:42:15 2016 +0200
infraestructura-virtual/IV16-17, 0, Thu Oct 13 11:12:59 2016 +0200
infraestructura-virtual/IV16-17, 0, Thu Oct 13 11:14:43 2016 +0200
infraestructura-virtual/IV16-17, 0, Fri Oct 14 08:24:35 2016 +0200
infraestructura-virtual/IV16-17, 0, Fri Oct 14 13:48:11 2016 +0200
infraestructura-virtual/IV16-17, 0, Fri Oct 14 13:49:52 2016 +0200
infraestructura-virtual/IV16-17, 0, Fri Oct 14 13:55:20 2016 +0200
infraestructura-virtual/IV16-17, 0, Wed Oct 19 12:47:31 2016 +0200
infraestructura-virtual/IV16-17, 0, Thu Oct 20 00:46:09 2016 +0200
infraestructura-virtual/IV16-17, 0, Thu Oct 20 17:20:58 2016 +0200
infraestructura-virtual/IV16-17, 0, Thu Oct 20 17:22:43 2016 +0200
infraestructura-virtual/IV16-17, 0, Thu Oct 20 18:33:49 2016 +0200
infraestructura-virtual/IV16-17, 0, Sun Oct 23 00:40:16 2016 +0200
infraestructura-virtual/IV16-17, 0, Thu Oct 27 08:56:34 2016 +0200
infraestructura-virtual/IV16-17, 0, Tue Nov 1 13:18:12 2016 +0100
infraestructura-virtual/IV16-17, 1, Thu Sep 29 12:36:10 2016 +0200
infraestructura-virtual/IV16-17, 1, Fri Sep 30 07:50:42 2016 +0200
infraestructura-virtual/IV16-17, 1, Fri Sep 30 12:18:05 2016 +0200
infraestructura-virtual/IV16-17, 1, Fri Sep 30 15:49:53 2016 +0200
infraestructura-virtual/IV16-17, 1, Fri Sep 30 16:54:10 2016 +0200
infraestructura-virtual/IV16-17, 1, Tue Oct 4 23:29:30 2016 +0200
infraestructura-virtual/IV16-17, 1, Wed Oct 5 00:05:10 2016 +0200
infraestructura-virtual/IV16-17, 1, Wed Oct 5 09:09:47 2016 +0200
infraestructura-virtual/IV16-17, 1, Wed Oct 5 10:53:36 2016 +0200
infraestructura-virtual/IV16-17, 1, Wed Oct 5 11:12:02 2016 +0200
infraestructura-virtual/IV16-17, 1, Wed Oct 5 11:16:22 2016 +0200
infraestructura-virtual/IV16-17, 1, Wed Oct 5 11:18:53 2016 +0200
infraestructura-virtual/IV16-17, 1, Wed Oct 5 12:12:37 2016 +0200
infraestructura-virtual/IV16-17, 1, Wed Oct 5 16:35:37 2016 +0200
infraestructura-virtual/IV16-17, 1, Wed Oct 5 17:13:42 2016 +0200
infraestructura-virtual/IV16-17, 1, Wed Oct 5 18:52:16 2016 +0200
infraestructura-virtual/IV16-17, 1, Wed Oct 5 20:38:42 2016 +0200
infraestructura-virtual/IV16-17, 1, Wed Oct 5 21:10:48 2016 +0200
infraestructura-virtual/IV16-17, 1, Wed Oct 5 21:13:54 2016 +0200
infraestructura-virtual/IV16-17, 1, Wed Oct 5 21:16:51 2016 +0200
infraestructura-virtual/IV16-17, 1, Wed Oct 5 21:42:30 2016 +0200
infraestructura-virtual/IV16-17, 1, Wed Oct 5 21:46:19 2016 +0200
infraestructura-virtual/IV16-17, 1, Wed Oct 5 21:58:02 2016 +0200
infraestructura-virtual/IV16-17, 1, Thu Oct 6 00:35:55 2016 +0200
infraestructura-virtual/IV16-17, 1, Thu Oct 6 00:37:12 2016 +0200
infraestructura-virtual/IV16-17, 1, Thu Oct 6 00:45:19 2016 +0200
infraestructura-virtual/IV16-17, 1, Thu Oct 6 00:46:34 2016 +0200
infraestructura-virtual/IV16-17, 1, Thu Oct 6 01:42:55 2016 +0200
infraestructura-virtual/IV16-17, 1, Thu Oct 6 02:43:14 2016 +0200
infraestructura-virtual/IV16-17, 1, Thu Oct 6 03:32:14 2016 +0200
infraestructura-virtual/IV16-17, 1, Thu Oct 6 07:26:52 2016 +0200
infraestructura-virtual/IV16-17, 1, Thu Oct 6 09:03:56 2016 +0200
infraestructura-virtual/IV16-17, 1, Thu Oct 6 09:05:16 2016 +0200
infraestructura-virtual/IV16-17, 1, Thu Oct 6 09:05:51 2016 +0200
infraestructura-virtual/IV16-17, 1, Thu Oct 6 09:06:42 2016 +0200
infraestructura-virtual/IV16-17, 1, Thu Oct 6 09:08:44 2016 +0200
infraestructura-virtual/IV16-17, 1, Thu Oct 6 09:08:53 2016 +0200
infraestructura-virtual/IV16-17, 1, Thu Oct 6 09:10:54 2016 +0200
infraestructura-virtual/IV16-17, 1, Thu Oct 6 09:11:53 2016 +0200
infraestructura-virtual/IV16-17, 1, Thu Oct 6 09:14:57 2016 +0200
infraestructura-virtual/IV16-17, 1, Thu Oct 6 09:19:04 2016 +0200
infraestructura-virtual/IV16-17, 1, Thu Oct 6 09:19:04 2016 +0200
infraestructura-virtual/IV16-17, 1, Thu Oct 6 09:19:19 2016 +0200
infraestructura-virtual/IV16-17, 1, Thu Oct 6 09:19:25 2016 +0200
infraestructura-virtual/IV16-17, 1, Thu Oct 6 09:20:06 2016 +0200
infraestructura-virtual/IV16-17, 1, Thu Oct 6 09:21:00 2016 +0200
infraestructura-virtual/IV16-17, 1, Thu Oct 6 09:21:11 2016 +0200
infraestructura-virtual/IV16-17, 1, Thu Oct 6 09:21:15 2016 +0200
infraestructura-virtual/IV16-17, 1, Thu Oct 6 09:21:27 2016 +0200
infraestructura-virtual/IV16-17, 1, Thu Oct 6 09:22:15 2016 +0200
infraestructura-virtual/IV16-17, 1, Thu Oct 6 09:23:35 2016 +0200
infraestructura-virtual/IV16-17, 1, Thu Oct 6 09:23:40 2016 +0200
infraestructura-virtual/IV16-17, 1, Thu Oct 6 09:24:44 2016 +0200
infraestructura-virtual/IV16-17, 1, Thu Oct 6 09:26:43 2016 +0200
infraestructura-virtual/IV16-17, 1, Thu Oct 6 09:26:47 2016 +0200
infraestructura-virtual/IV16-17, 1, Thu Oct 6 09:27:00 2016 +0200
infraestructura-virtual/IV16-17, 1, Thu Oct 6 09:27:34 2016 +0200
infraestructura-virtual/IV16-17, 1, Thu Oct 6 09:31:11 2016 +0200
infraestructura-virtual/IV16-17, 1, Thu Oct 6 09:32:17 2016 +0200
infraestructura-virtual/IV16-17, 1, Thu Oct 6 09:32:30 2016 +0200
infraestructura-virtual/IV16-17, 1, Thu Oct 6 09:36:35 2016 +0200
infraestructura-virtual/IV16-17, 1, Thu Oct 6 09:38:32 2016 +0200
infraestructura-virtual/IV16-17, 1, Thu Oct 6 09:41:50 2016 +0200
infraestructura-virtual/IV16-17, 1, Thu Oct 6 09:51:01 2016 +0200
infraestructura-virtual/IV16-17, 1, Thu Oct 6 03:55:39 2016 -0400
infraestructura-virtual/IV16-17, 1, Thu Oct 6 10:08:51 2016 +0200
infraestructura-virtual/IV16-17, 1, Thu Oct 6 10:09:10 2016 +0200
infraestructura-virtual/IV16-17, 1, Thu Oct 6 10:11:02 2016 +0200
infraestructura-virtual/IV16-17, 1, Thu Oct 6 10:12:30 2016 +0200
infraestructura-virtual/IV16-17, 1, Thu Oct 6 10:14:26 2016 +0200
infraestructura-virtual/IV16-17, 1, Thu Oct 6 10:14:40 2016 +0200
infraestructura-virtual/IV16-17, 1, Thu Oct 6 10:15:04 2016 +0200
infraestructura-virtual/IV16-17, 1, Thu Oct 6 10:18:06 2016 +0200
infraestructura-virtual/IV16-17, 1, Thu Oct 6 10:18:27 2016 +0200
infraestructura-virtual/IV16-17, 1, Thu Oct 6 10:19:56 2016 +0200
infraestructura-virtual/IV16-17, 1, Thu Oct 6 10:20:19 2016 +0200
infraestructura-virtual/IV16-17, 1, Thu Oct 6 10:21:50 2016 +0200
infraestructura-virtual/IV16-17, 1, Thu Oct 6 10:23:40 2016 +0200
infraestructura-virtual/IV16-17, 1, Thu Oct 6 10:25:34 2016 +0200
infraestructura-virtual/IV16-17, 1, Thu Oct 6 10:29:08 2016 +0200
infraestructura-virtual/IV16-17, 1, Thu Oct 6 10:44:04 2016 +0200
infraestructura-virtual/IV16-17, 1, Thu Oct 6 11:04:45 2016 +0200
infraestructura-virtual/IV16-17, 1, Thu Oct 6 11:05:24 2016 +0200
infraestructura-virtual/IV16-17, 1, Thu Oct 6 11:12:10 2016 +0200
infraestructura-virtual/IV16-17, 1, Thu Oct 6 11:12:22 2016 +0200
infraestructura-virtual/IV16-17, 1, Thu Oct 6 11:13:02 2016 +0200
infraestructura-virtual/IV16-17, 1, Thu Oct 6 11:13:29 2016 +0200
infraestructura-virtual/IV16-17, 1, Thu Oct 6 11:17:17 2016 +0200
infraestructura-virtual/IV16-17, 1, Thu Oct 6 11:17:19 2016 +0200
infraestructura-virtual/IV16-17, 1, Thu Oct 6 11:20:22 2016 +0200
infraestructura-virtual/IV16-17, 1, Thu Oct 6 11:22:06 2016 +0200
infraestructura-virtual/IV16-17, 1, Thu Oct 6 11:23:02 2016 +0200
infraestructura-virtual/IV16-17, 1, Thu Oct 6 11:24:35 2016 +0200
infraestructura-virtual/IV16-17, 1, Thu Oct 6 11:27:51 2016 +0200
infraestructura-virtual/IV16-17, 1, Thu Oct 6 11:29:08 2016 +0200
infraestructura-virtual/IV16-17, 1, Thu Oct 6 11:29:33 2016 +0200
infraestructura-virtual/IV16-17, 1, Thu Oct 6 11:29:58 2016 +0200
infraestructura-virtual/IV16-17, 1, Thu Oct 6 11:33:46 2016 +0200
infraestructura-virtual/IV16-17, 1, Thu Oct 6 11:34:59 2016 +0200
infraestructura-virtual/IV16-17, 1, Thu Oct 6 11:36:17 2016 +0200
infraestructura-virtual/IV16-17, 1, Thu Oct 6 11:37:32 2016 +0200
infraestructura-virtual/IV16-17, 1, Thu Oct 6 11:41:49 2016 +0200
infraestructura-virtual/IV16-17, 1, Thu Oct 6 11:41:53 2016 +0200
infraestructura-virtual/IV16-17, 1, Thu Oct 6 11:47:23 2016 +0200
infraestructura-virtual/IV16-17, 1, Thu Oct 6 11:50:37 2016 +0200
infraestructura-virtual/IV16-17, 1, Thu Oct 6 11:57:19 2016 +0200
infraestructura-virtual/IV16-17, 1, Thu Oct 6 12:04:41 2016 +0200
infraestructura-virtual/IV16-17, 1, Thu Oct 6 12:07:53 2016 +0200
infraestructura-virtual/IV16-17, 1, Thu Oct 6 12:13:10 2016 +0200
infraestructura-virtual/IV16-17, 1, Thu Oct 6 12:16:29 2016 +0200
infraestructura-virtual/IV16-17, 1, Thu Oct 6 18:38:01 2016 +0200
infraestructura-virtual/IV16-17, 1, Thu Oct 6 18:41:10 2016 +0200
infraestructura-virtual/IV16-17, 1, Thu Oct 6 18:44:32 2016 +0200
infraestructura-virtual/IV16-17, 1, Thu Oct 6 18:49:19 2016 +0200
infraestructura-virtual/IV16-17, 1, Thu Oct 6 20:09:19 2016 +0200
infraestructura-virtual/IV16-17, 1, Thu Oct 6 20:41:40 2016 +0200
infraestructura-virtual/IV16-17, 1, Thu Oct 6 22:43:11 2016 +0200
infraestructura-virtual/IV16-17, 1, Thu Oct 6 22:57:43 2016 +0200
infraestructura-virtual/IV16-17, 1, Fri Oct 7 02:02:58 2016 +0200
infraestructura-virtual/IV16-17, 1, Fri Oct 7 08:13:09 2016 +0200
infraestructura-virtual/IV16-17, 1, Fri Oct 7 08:14:38 2016 +0200
infraestructura-virtual/IV16-17, 1, Fri Oct 7 08:15:00 2016 +0200
infraestructura-virtual/IV16-17, 1, Fri Oct 7 10:08:06 2016 +0200
infraestructura-virtual/IV16-17, 1, Sat Oct 8 16:15:22 2016 +0200
infraestructura-virtual/IV16-17, 1, Sat Oct 8 21:09:18 2016 +0200
infraestructura-virtual/IV16-17, 1, Sat Oct 8 21:11:21 2016 +0200
infraestructura-virtual/IV16-17, 1, Sun Oct 9 21:09:13 2016 +0200
infraestructura-virtual/IV16-17, 1, Sun Oct 9 23:37:49 2016 +0200
infraestructura-virtual/IV16-17, 1, Mon Oct 10 08:34:57 2016 +0200
infraestructura-virtual/IV16-17, 1, Tue Oct 11 11:43:54 2016 +0200
infraestructura-virtual/IV16-17, 1, Wed Oct 12 19:28:49 2016 +0200
infraestructura-virtual/IV16-17, 1, Wed Oct 12 21:13:47 2016 +0200
infraestructura-virtual/IV16-17, 1, Wed Oct 12 23:39:36 2016 +0200
infraestructura-virtual/IV16-17, 1, Thu Oct 13 00:04:12 2016 +0200
infraestructura-virtual/IV16-17, 1, Thu Oct 13 08:23:58 2016 +0200
infraestructura-virtual/IV16-17, 1, Thu Oct 13 09:27:33 2016 +0200
infraestructura-virtual/IV16-17, 1, Thu Oct 13 09:43:10 2016 +0200
infraestructura-virtual/IV16-17, 1, Thu Oct 13 10:15:51 2016 +0200
infraestructura-virtual/IV16-17, 1, Thu Oct 13 10:20:46 2016 +0200
infraestructura-virtual/IV16-17, 1, Thu Oct 13 10:33:37 2016 +0200
infraestructura-virtual/IV16-17, 1, Thu Oct 13 10:41:41 2016 +0200
infraestructura-virtual/IV16-17, 1, Thu Oct 13 10:43:02 2016 +0200
infraestructura-virtual/IV16-17, 1, Thu Oct 13 10:43:45 2016 +0200
infraestructura-virtual/IV16-17, 1, Thu Oct 13 11:10:08 2016 +0200
infraestructura-virtual/IV16-17, 1, Thu Oct 13 11:15:27 2016 +0200
infraestructura-virtual/IV16-17, 1, Thu Oct 13 11:23:34 2016 +0200
infraestructura-virtual/IV16-17, 1, Thu Oct 13 11:30:14 2016 +0200
infraestructura-virtual/IV16-17, 1, Thu Oct 13 11:30:25 2016 +0200
infraestructura-virtual/IV16-17, 1, Thu Oct 13 11:37:52 2016 +0200
infraestructura-virtual/IV16-17, 1, Thu Oct 13 11:45:17 2016 +0200
infraestructura-virtual/IV16-17, 1, Thu Oct 13 12:06:26 2016 +0200
infraestructura-virtual/IV16-17, 1, Thu Oct 13 13:44:24 2016 +0200
infraestructura-virtual/IV16-17, 1, Thu Oct 13 15:49:46 2016 +0200
infraestructura-virtual/IV16-17, 1, Thu Oct 13 19:44:00 2016 +0200
infraestructura-virtual/IV16-17, 1, Thu Oct 13 19:55:44 2016 +0200
infraestructura-virtual/IV16-17, 1, Thu Oct 13 19:59:29 2016 +0200
infraestructura-virtual/IV16-17, 1, Thu Oct 13 20:40:29 2016 +0200
infraestructura-virtual/IV16-17, 1, Fri Oct 14 08:23:32 2016 +0200
infraestructura-virtual/IV16-17, 1, Fri Oct 14 08:24:35 2016 +0200
infraestructura-virtual/IV16-17, 1, Fri Oct 14 08:28:42 2016 +0200
infraestructura-virtual/IV16-17, 1, Fri Oct 14 08:31:05 2016 +0200
infraestructura-virtual/IV16-17, 1, Fri Oct 14 09:00:23 2016 +0200
infraestructura-virtual/IV16-17, 1, Fri Oct 14 09:05:34 2016 +0200
infraestructura-virtual/IV16-17, 1, Fri Oct 14 09:06:58 2016 +0200
infraestructura-virtual/IV16-17, 1, Fri Oct 14 09:11:54 2016 +0200
infraestructura-virtual/IV16-17, 1, Fri Oct 14 09:25:17 2016 +0200
infraestructura-virtual/IV16-17, 1, Fri Oct 14 10:31:27 2016 +0200
infraestructura-virtual/IV16-17, 1, Fri Oct 14 10:35:09 2016 +0200
infraestructura-virtual/IV16-17, 1, Fri Oct 14 13:48:11 2016 +0200
infraestructura-virtual/IV16-17, 1, Fri Oct 14 13:49:52 2016 +0200
infraestructura-virtual/IV16-17, 1, Fri Oct 14 13:52:15 2016 +0200
infraestructura-virtual/IV16-17, 1, Fri Oct 14 13:55:20 2016 +0200
infraestructura-virtual/IV16-17, 1, Fri Oct 14 18:05:45 2016 +0200
infraestructura-virtual/IV16-17, 1, Fri Oct 14 19:41:49 2016 +0200
infraestructura-virtual/IV16-17, 1, Mon Oct 17 01:58:15 2016 +0200
infraestructura-virtual/IV16-17, 1, Mon Oct 17 18:56:29 2016 +0200
infraestructura-virtual/IV16-17, 1, Tue Oct 18 22:28:54 2016 +0200
infraestructura-virtual/IV16-17, 1, Wed Oct 19 09:34:25 2016 +0200
infraestructura-virtual/IV16-17, 1, Wed Oct 19 09:38:25 2016 +0200
infraestructura-virtual/IV16-17, 1, Wed Oct 19 09:52:07 2016 +0200
infraestructura-virtual/IV16-17, 1, Wed Oct 19 09:52:28 2016 +0200
infraestructura-virtual/IV16-17, 1, Wed Oct 19 11:01:50 2016 +0200
infraestructura-virtual/IV16-17, 1, Wed Oct 19 11:04:43 2016 +0200
infraestructura-virtual/IV16-17, 1, Wed Oct 19 12:16:06 2016 +0200
infraestructura-virtual/IV16-17, 1, Wed Oct 19 12:44:30 2016 +0200
infraestructura-virtual/IV16-17, 1, Wed Oct 19 12:50:29 2016 +0200
infraestructura-virtual/IV16-17, 1, Thu Oct 20 12:26:49 2016 +0200
infraestructura-virtual/IV16-17, 1, Thu Oct 20 15:26:30 2016 +0200
infraestructura-virtual/IV16-17, 1, Thu Oct 20 17:37:00 2016 +0200
infraestructura-virtual/IV16-17, 1, Thu Oct 20 17:37:52 2016 +0200
infraestructura-virtual/IV16-17, 1, Thu Oct 20 18:31:56 2016 +0200
infraestructura-virtual/IV16-17, 1, Thu Oct 20 18:33:02 2016 +0200
infraestructura-virtual/IV16-17, 1, Sat Oct 22 03:26:42 2016 +0200
infraestructura-virtual/IV16-17, 1, Sun Oct 23 20:15:14 2016 +0200
infraestructura-virtual/IV16-17, 1, Thu Oct 27 08:56:34 2016 +0200
infraestructura-virtual/IV16-17, 1, Thu Oct 27 09:13:58 2016 +0200
infraestructura-virtual/IV16-17, 1, Wed Nov 2 17:10:05 2016 +0100
infraestructura-virtual/IV16-17, 1, Sat Jan 7 19:59:52 2017 +0100
infraestructura-virtual/IV16-17, 1, Sat Jan 7 20:27:23 2017 +0100
infraestructura-virtual/IV16-17, 1, Sat Jan 7 20:30:27 2017 +0100
infraestructura-virtual/IV16-17, 1, Thu Jan 26 19:47:33 2017 +0100
infraestructura-virtual/IV16-17, 2, Wed Oct 12 08:43:49 2016 +0200
infraestructura-virtual/IV16-17, 2, Thu Oct 20 09:42:57 2016 +0200
infraestructura-virtual/IV16-17, 2, Sun Oct 23 20:47:53 2016 +0200
infraestructura-virtual/IV16-17, 2, Wed Oct 26 09:41:02 2016 +0200
infraestructura-virtual/IV16-17, 2, Wed Oct 26 09:42:50 2016 +0200
infraestructura-virtual/IV16-17, 2, Wed Oct 26 10:38:39 2016 +0200
infraestructura-virtual/IV16-17, 2, Wed Oct 26 14:21:10 2016 +0200
infraestructura-virtual/IV16-17, 2, Wed Oct 26 16:20:45 2016 +0200
infraestructura-virtual/IV16-17, 2, Wed Oct 26 16:22:07 2016 +0200
infraestructura-virtual/IV16-17, 2, Wed Oct 26 17:49:49 2016 +0200
infraestructura-virtual/IV16-17, 2, Wed Oct 26 21:17:45 2016 +0200
infraestructura-virtual/IV16-17, 2, Wed Oct 26 22:40:39 2016 +0200
infraestructura-virtual/IV16-17, 2, Wed Oct 26 23:40:51 2016 +0200
infraestructura-virtual/IV16-17, 2, Wed Oct 26 23:51:27 2016 +0200
infraestructura-virtual/IV16-17, 2, Thu Oct 27 00:19:00 2016 +0200
infraestructura-virtual/IV16-17, 2, Thu Oct 27 04:07:32 2016 +0200
infraestructura-virtual/IV16-17, 2, Thu Oct 27 09:18:45 2016 +0200
infraestructura-virtual/IV16-17, 2, Thu Oct 27 09:47:47 2016 +0200
infraestructura-virtual/IV16-17, 2, Thu Oct 27 10:33:30 2016 +0200
infraestructura-virtual/IV16-17, 2, Thu Oct 27 11:37:50 2016 +0200
infraestructura-virtual/IV16-17, 2, Thu Oct 27 11:38:00 2016 +0200
infraestructura-virtual/IV16-17, 2, Thu Oct 27 11:39:11 2016 +0200
infraestructura-virtual/IV16-17, 2, Thu Oct 27 11:40:03 2016 +0200
infraestructura-virtual/IV16-17, 2, Thu Oct 27 11:40:53 2016 +0200
infraestructura-virtual/IV16-17, 2, Thu Oct 27 11:52:20 2016 +0200
infraestructura-virtual/IV16-17, 2, Thu Oct 27 11:55:47 2016 +0200
infraestructura-virtual/IV16-17, 2, Thu Oct 27 11:55:58 2016 +0200
infraestructura-virtual/IV16-17, 2, Thu Oct 27 06:18:34 2016 -0400
infraestructura-virtual/IV16-17, 2, Thu Oct 27 12:21:21 2016 +0200
infraestructura-virtual/IV16-17, 2, Thu Oct 27 13:53:04 2016 +0200
infraestructura-virtual/IV16-17, 2, Thu Oct 27 14:42:18 2016 +0200
infraestructura-virtual/IV16-17, 2, Thu Oct 27 19:14:13 2016 +0200
infraestructura-virtual/IV16-17, 2, Thu Oct 27 22:13:20 2016 +0200
infraestructura-virtual/IV16-17, 2, Thu Oct 27 23:48:25 2016 +0200
infraestructura-virtual/IV16-17, 2, Fri Oct 28 09:24:38 2016 +0200
infraestructura-virtual/IV16-17, 2, Fri Oct 28 12:38:50 2016 +0200
infraestructura-virtual/IV16-17, 2, Fri Oct 28 18:39:10 2016 +0200
infraestructura-virtual/IV16-17, 2, Sat Oct 29 18:17:49 2016 +0200
infraestructura-virtual/IV16-17, 2, Sun Oct 30 09:22:11 2016 +0100
infraestructura-virtual/IV16-17, 2, Sun Oct 30 14:36:09 2016 +0100
infraestructura-virtual/IV16-17, 2, Mon Oct 31 03:09:30 2016 +0100
infraestructura-virtual/IV16-17, 2, Wed Nov 2 16:13:14 2016 +0100
infraestructura-virtual/IV16-17, 2, Wed Nov 9 23:38:06 2016 +0100
infraestructura-virtual/IV16-17, 2, Thu Nov 10 11:43:17 2016 +0100
infraestructura-virtual/IV16-17, 2, Fri Nov 11 02:01:33 2016 +0100
infraestructura-virtual/IV16-17, 2, Fri Nov 11 13:42:21 2016 +0100
infraestructura-virtual/IV16-17, 2, Fri Nov 11 13:48:35 2016 +0100
infraestructura-virtual/IV16-17, 2, Fri Nov 11 13:50:09 2016 +0100
infraestructura-virtual/IV16-17, 2, Sun Nov 13 19:37:27 2016 +0100
infraestructura-virtual/IV16-17, 2, Tue Nov 15 09:44:01 2016 +0100
infraestructura-virtual/IV16-17, 2, Tue Nov 15 20:32:03 2016 +0100
infraestructura-virtual/IV16-17, 2, Sun Nov 27 18:43:44 2016 +0100
infraestructura-virtual/IV16-17, 2, Thu Jan 26 19:47:33 2017 +0100
infraestructura-virtual/IV16-17, 3, Wed Nov 9 11:04:46 2016 +0100
infraestructura-virtual/IV16-17, 3, Wed Nov 9 15:31:45 2016 +0100
infraestructura-virtual/IV16-17, 3, Wed Nov 9 15:36:16 2016 +0100
infraestructura-virtual/IV16-17, 3, Wed Nov 9 16:16:09 2016 +0100
infraestructura-virtual/IV16-17, 3, Wed Nov 9 16:56:18 2016 +0100
infraestructura-virtual/IV16-17, 3, Wed Nov 9 18:35:32 2016 +0100
infraestructura-virtual/IV16-17, 3, Wed Nov 9 20:06:44 2016 +0100
infraestructura-virtual/IV16-17, 3, Wed Nov 9 20:23:59 2016 +0100
infraestructura-virtual/IV16-17, 3, Wed Nov 9 23:21:33 2016 +0100
infraestructura-virtual/IV16-17, 3, Wed Nov 9 23:49:39 2016 +0100
infraestructura-virtual/IV16-17, 3, Thu Nov 10 00:54:51 2016 +0100
infraestructura-virtual/IV16-17, 3, Thu Nov 10 01:11:35 2016 +0100
infraestructura-virtual/IV16-17, 3, Thu Nov 10 01:49:59 2016 +0100
infraestructura-virtual/IV16-17, 3, Thu Nov 10 02:10:34 2016 +0100
infraestructura-virtual/IV16-17, 3, Thu Nov 10 02:10:51 2016 +0100
infraestructura-virtual/IV16-17, 3, Thu Nov 10 11:16:02 2016 +0100
infraestructura-virtual/IV16-17, 3, Thu Nov 10 12:25:28 2016 +0100
infraestructura-virtual/IV16-17, 3, Thu Nov 10 16:55:24 2016 +0100
infraestructura-virtual/IV16-17, 3, Thu Nov 10 17:32:01 2016 +0100
infraestructura-virtual/IV16-17, 3, Thu Nov 10 17:35:33 2016 +0100
infraestructura-virtual/IV16-17, 3, Thu Nov 10 17:42:22 2016 +0100
infraestructura-virtual/IV16-17, 3, Thu Nov 10 17:45:31 2016 +0100
infraestructura-virtual/IV16-17, 3, Thu Nov 10 17:47:32 2016 +0100
infraestructura-virtual/IV16-17, 3, Thu Nov 10 17:48:49 2016 +0100
infraestructura-virtual/IV16-17, 3, Thu Nov 10 18:01:32 2016 +0100
infraestructura-virtual/IV16-17, 3, Thu Nov 10 18:05:07 2016 +0100
infraestructura-virtual/IV16-17, 3, Thu Nov 10 18:13:58 2016 +0100
infraestructura-virtual/IV16-17, 3, Thu Nov 10 23:17:53 2016 +0100
infraestructura-virtual/IV16-17, 3, Fri Nov 11 13:44:41 2016 +0100
infraestructura-virtual/IV16-17, 3, Sun Nov 13 15:56:03 2016 +0100
infraestructura-virtual/IV16-17, 3, Mon Nov 14 21:28:25 2016 +0100
infraestructura-virtual/IV16-17, 3, Tue Nov 15 01:57:54 2016 +0100
infraestructura-virtual/IV16-17, 3, Tue Nov 15 02:32:27 2016 +0100
infraestructura-virtual/IV16-17, 3, Tue Nov 15 08:30:00 2016 +0100
infraestructura-virtual/IV16-17, 3, Tue Nov 15 08:30:56 2016 +0100
infraestructura-virtual/IV16-17, 3, Tue Nov 15 10:19:33 2016 +0100
infraestructura-virtual/IV16-17, 3, Tue Nov 15 21:49:32 2016 +0100
infraestructura-virtual/IV16-17, 3, Wed Nov 16 17:04:04 2016 +0100
infraestructura-virtual/IV16-17, 3, Thu Nov 17 10:27:18 2016 +0100
infraestructura-virtual/IV16-17, 3, Sun Nov 20 11:57:38 2016 +0100
infraestructura-virtual/IV16-17, 3, Sun Nov 20 15:53:35 2016 +0100
infraestructura-virtual/IV16-17, 3, Sun Nov 20 23:30:23 2016 +0100
infraestructura-virtual/IV16-17, 3, Mon Nov 21 09:18:58 2016 +0100
infraestructura-virtual/IV16-17, 3, Mon Nov 21 11:10:31 2016 +0100
infraestructura-virtual/IV16-17, 3, Mon Nov 21 11:35:17 2016 +0100
infraestructura-virtual/IV16-17, 3, Mon Nov 21 12:25:18 2016 +0100
infraestructura-virtual/IV16-17, 3, Mon Nov 21 12:26:53 2016 +0100
infraestructura-virtual/IV16-17, 3, Mon Nov 21 12:29:03 2016 +0100
infraestructura-virtual/IV16-17, 3, Mon Nov 21 13:03:52 2016 +0100
infraestructura-virtual/IV16-17, 3, Mon Nov 21 21:44:39 2016 +0100
infraestructura-virtual/IV16-17, 3, Tue Nov 22 11:34:00 2016 +0100
infraestructura-virtual/IV16-17, 3, Tue Nov 22 13:56:51 2016 +0100
infraestructura-virtual/IV16-17, 3, Wed Nov 23 09:29:58 2016 +0100
infraestructura-virtual/IV16-17, 3, Wed Nov 23 09:30:42 2016 +0100
infraestructura-virtual/IV16-17, 3, Thu Nov 24 09:18:07 2016 +0100
infraestructura-virtual/IV16-17, 3, Thu Nov 24 09:39:28 2016 +0100
infraestructura-virtual/IV16-17, 3, Thu Nov 24 09:43:47 2016 +0100
infraestructura-virtual/IV16-17, 3, Thu Nov 24 10:47:32 2016 +0100
infraestructura-virtual/IV16-17, 3, Thu Nov 24 11:09:58 2016 +0100
infraestructura-virtual/IV16-17, 3, Sun Dec 11 20:53:32 2016 +0100
infraestructura-virtual/IV16-17, 3, Thu Jan 26 19:53:01 2017 +0100
infraestructura-virtual/IV16-17, 4, Thu Dec 1 00:13:48 2016 +0100
infraestructura-virtual/IV16-17, 4, Thu Dec 1 00:19:09 2016 +0100
infraestructura-virtual/IV16-17, 4, Thu Dec 1 08:47:45 2016 +0100
infraestructura-virtual/IV16-17, 4, Thu Dec 1 09:05:59 2016 +0100
infraestructura-virtual/IV16-17, 4, Thu Dec 1 09:08:34 2016 +0100
infraestructura-virtual/IV16-17, 4, Thu Dec 1 09:13:54 2016 +0100
infraestructura-virtual/IV16-17, 4, Thu Dec 1 09:14:27 2016 +0100
infraestructura-virtual/IV16-17, 4, Thu Dec 1 09:14:37 2016 +0100
infraestructura-virtual/IV16-17, 4, Thu Dec 1 09:16:42 2016 +0100
infraestructura-virtual/IV16-17, 4, Thu Dec 1 09:19:48 2016 +0100
infraestructura-virtual/IV16-17, 4, Thu Dec 1 09:46:50 2016 +0100
infraestructura-virtual/IV16-17, 4, Thu Dec 1 10:39:06 2016 +0100
infraestructura-virtual/IV16-17, 4, Thu Dec 1 10:59:30 2016 +0100
infraestructura-virtual/IV16-17, 4, Thu Dec 1 11:09:01 2016 +0100
infraestructura-virtual/IV16-17, 4, Thu Dec 1 12:16:51 2016 +0100
infraestructura-virtual/IV16-17, 4, Thu Dec 1 12:23:18 2016 +0100
infraestructura-virtual/IV16-17, 4, Thu Dec 1 12:24:03 2016 +0100
infraestructura-virtual/IV16-17, 4, Thu Dec 1 18:34:07 2016 +0100
infraestructura-virtual/IV16-17, 4, Thu Dec 1 18:40:00 2016 +0100
infraestructura-virtual/IV16-17, 4, Thu Dec 1 19:55:58 2016 +0100
infraestructura-virtual/IV16-17, 4, Thu Dec 1 21:11:37 2016 +0100
infraestructura-virtual/IV16-17, 4, Fri Dec 2 07:47:48 2016 +0100
infraestructura-virtual/IV16-17, 4, Fri Dec 2 07:48:03 2016 +0100
infraestructura-virtual/IV16-17, 4, Fri Dec 2 07:48:09 2016 +0100
infraestructura-virtual/IV16-17, 4, Fri Dec 2 13:05:13 2016 +0100
infraestructura-virtual/IV16-17, 4, Sat Dec 3 14:18:19 2016 +0100
infraestructura-virtual/IV16-17, 4, Sat Dec 3 18:39:05 2016 +0100
infraestructura-virtual/IV16-17, 4, Sat Dec 3 23:49:36 2016 +0100
infraestructura-virtual/IV16-17, 4, Sun Dec 4 03:30:20 2016 +0100
infraestructura-virtual/IV16-17, 4, Mon Dec 5 17:17:44 2016 +0100
infraestructura-virtual/IV16-17, 4, Mon Dec 5 23:22:09 2016 +0100
infraestructura-virtual/IV16-17, 4, Wed Dec 7 03:09:49 2016 +0100
infraestructura-virtual/IV16-17, 4, Wed Dec 7 10:05:44 2016 +0100
infraestructura-virtual/IV16-17, 4, Tue Dec 13 14:09:54 2016 +0100
infraestructura-virtual/IV16-17, 4, Mon Dec 19 15:31:45 2016 +0100
infraestructura-virtual/IV16-17, 4, Wed Dec 21 20:53:19 2016 +0100
infraestructura-virtual/IV16-17, 4, Fri Dec 30 16:58:18 2016 -0800
infraestructura-virtual/IV16-17, 4, Fri Jan 27 17:36:56 2017 +0100
infraestructura-virtual/IV16-17, 4, Fri Jan 27 17:37:38 2017 +0100
infraestructura-virtual/IV16-17, 4, Fri Jan 27 17:38:24 2017 +0100
infraestructura-virtual/IV16-17, 5, Mon Jan 16 20:35:47 2017 +0100
infraestructura-virtual/IV16-17, 5, Wed Jan 25 20:00:20 2017 +0100
infraestructura-virtual/IV16-17, 5, Thu Jan 26 01:44:07 2017 +0100
infraestructura-virtual/IV16-17, 5, Thu Jan 26 01:51:46 2017 +0100
infraestructura-virtual/IV16-17, 5, Sat Jan 28 14:29:18 2017 +0100
infraestructura-virtual/IV16-17, 5, Sat Jan 28 08:18:05 2017 -0800
infraestructura-virtual/IV16-17, 5, Sat Jan 28 08:28:31 2017 -0800
infraestructura-virtual/IV16-17, 5, Sat Jan 28 19:22:21 2017 +0100
infraestructura-virtual/IV16-17, 5, Sat Jan 28 21:57:27 2017 +0100
infraestructura-virtual/IV16-17, 5, Sat Jan 28 22:37:35 2017 +0100
infraestructura-virtual/IV16-17, 5, Sun Jan 29 08:47:54 2017 +0100
infraestructura-virtual/IV16-17, 5, Sun Jan 29 12:05:38 2017 +0100
infraestructura-virtual/IV16-17, 5, Sun Jan 29 12:14:26 2017 +0100
infraestructura-virtual/IV16-17, 5, Sun Jan 29 12:25:34 2017 +0100
infraestructura-virtual/IV16-17, 5, Sun Jan 29 13:50:40 2017 +0100
infraestructura-virtual/IV16-17, 5, Sun Jan 29 13:55:26 2017 +0100
infraestructura-virtual/IV16-17, 5, Sun Jan 29 13:56:16 2017 +0100
infraestructura-virtual/IV16-17, 5, Sun Jan 29 14:02:45 2017 +0100
infraestructura-virtual/IV16-17, 5, Sun Jan 29 14:05:15 2017 +0100
infraestructura-virtual/IV16-17, 5, Sun Jan 29 14:10:25 2017 +0100
infraestructura-virtual/IV16-17, 5, Sun Jan 29 18:12:58 2017 +0100
infraestructura-virtual/IV16-17, 5, Sun Jan 29 20:10:51 2017 +0100
infraestructura-virtual/IV16-17, 5, Sun Jan 29 20:39:36 2017 +0100
infraestructura-virtual/IV16-17, 5, Sun Jan 29 20:41:07 2017 +0100
infraestructura-virtual/IV16-17, 5, Sun Jan 29 20:42:05 2017 +0100
infraestructura-virtual/IV16-17, 5, Sun Jan 29 21:44:27 2017 +0100
infraestructura-virtual/IV16-17, 5, Sun Jan 29 21:49:54 2017 +0100
infraestructura-virtual/IV16-17, 5, Sun Jan 29 21:55:46 2017 +0100
infraestructura-virtual/IV16-17, 5, Sun Jan 29 22:00:57 2017 +0100
infraestructura-virtual/IV16-17, 5, Sun Jan 29 22:46:45 2017 +0100
infraestructura-virtual/IV16-17, 5, Sun Jan 29 23:34:39 2017 +0100
infraestructura-virtual/IV16-17, 5, Mon Jan 30 00:14:03 2017 +0100
infraestructura-virtual/IV16-17, 5, Mon Jan 30 03:27:08 2017 +0100
infraestructura-virtual/IV16-17, 5, Mon Jan 30 03:56:40 2017 +0100
infraestructura-virtual/IV16-17, 5, Mon Jan 30 04:48:27 2017 +0100
infraestructura-virtual/IV16-17, 5, Mon Jan 30 07:17:31 2017 +0100
infraestructura-virtual/IV16-17, 5, Mon Jan 30 07:17:45 2017 +0100
infraestructura-virtual/IV16-17, 5, Mon Jan 30 07:17:59 2017 +0100
infraestructura-virtual/IV16-17, 5, Mon Jan 30 07:18:07 2017 +0100
infraestructura-virtual/IV16-17, 5, Mon Jan 30 07:21:09 2017 +0100
infraestructura-virtual/IV16-17, 5, Mon Jan 30 08:55:36 2017 +0100
infraestructura-virtual/IV16-17, 5, Mon Jan 30 08:57:05 2017 +0100
infraestructura-virtual/IV16-17, 5, Mon Jan 30 09:04:36 2017 +0100
infraestructura-virtual/IV16-17, 5, Mon Jan 30 09:04:58 2017 +0100
infraestructura-virtual/IV16-17, 5, Mon Jan 30 11:08:06 2017 +0100
infraestructura-virtual/IV16-17, 5, Mon Jan 30 11:37:08 2017 +0100
infraestructura-virtual/IV16-17, 5, Mon Jan 30 11:40:23 2017 +0100
infraestructura-virtual/IV16-17, 5, Mon Jan 30 11:46:29 2017 +0100
infraestructura-virtual/IV16-17, 5, Mon Jan 30 22:31:09 2017 +0100
infraestructura-virtual/IV16-17, 5, Mon Jan 30 22:34:47 2017 +0100
infraestructura-virtual/IV16-17, 5, Tue Jan 31 18:26:35 2017 +0100
infraestructura-virtual/IV16-17, 5, Tue Jan 31 19:05:48 2017 +0100
